time,open,close,high,low,volume,Unnamed: 0
1628155080000,135.5,135.5,135.5,135.5,0.42,0.0
1628156940000,135.0,135.0,135.0,135.0,3.0,1.0
1628176200000,135.49,135.49,135.49,135.49,0.82400077,2.0
1628176260000,135.49,135.49,135.49,135.49,1.89148545,3.0
1628176320000,135.49,135.49,135.49,135.49,7.80176448,4.0
1628177820000,135.49,135.49,135.49,135.49,2.79575784,5.0
1628180580000,135.49,135.49,135.49,135.49,3.67,6.0
1628182200000,135.49,135.5,135.5,135.49,9.22678717,7.0
1628186160000,137.0,137.0,137.0,137.0,2.80867392,8.0
1628187300000,139.03,139.03,139.03,139.03,1.5,9.0
1628231460000,136.39,136.39,136.39,136.39,9.77235154,10.0
1628263020000,136.88,136.88,136.88,136.88,0.14776749,11.0
1628275080000,137.88,137.88,137.88,137.88,4.0,12.0
1628278980000,139.99,140.0,140.0,139.99,3.10019696,13.0
1628292120000,140.28,140.28,140.28,140.28,0.2,14.0
1628298540000,140.0,140.0,140.0,140.0,0.21916,15.0
1628316720000,144.0,144.0,144.0,144.0,2.67550494,16.0
1628329740000,146.13,146.13,146.13,146.13,0.35,17.0
1628546340000,159.48,159.48,159.48,159.48,1.0,18.0
1628568420000,157.77,157.77,157.77,157.77,0.103699,19.0
1628602320000,160.0,160.0,160.0,160.0,25.09084695,20.0
1628602680000,160.0,160.0,160.0,160.0,16.57456241,21.0
1628640960000,160.0,160.0,160.0,160.0,3.26443806,
1628644620000,160.0,160.0,160.0,160.0,2.93415918,
1628644800000,160.0,160.0,160.0,160.0,2.89255301,
1628656620000,157.32,157.32,157.32,157.32,0.32061288,
1628659140000,157.95,157.4,157.95,157.4,0.32044992,
1628720820000,156.48,156.48,156.48,156.48,0.29462,
1628759640000,154.0,154.0,154.0,154.0,0.26623,
1628855160000,167.46,167.46,167.46,167.46,0.001,
1628935080000,171.11,171.11,171.11,171.11,0.001,
1628938440000,167.07,167.07,167.07,167.07,0.001,
1628942520000,167.21,167.21,167.21,167.21,0.001,
1628952060000,172.66,172.66,172.66,172.66,0.04006009,
1629011940000,167.41,167.41,167.41,167.41,0.001,
1629016860000,166.48,166.48,166.48,166.48,0.001,
1629021780000,167.46,167.46,167.46,167.46,0.001,
1629059400000,172.07,172.07,172.07,172.07,0.001,
1629072300000,175.07,175.07,175.07,175.07,0.001,
1629098700000,172.77,172.77,172.77,172.77,0.3493,
1629144360000,174.51,174.51,174.51,174.51,8.42743015,
1629159960000,174.7,172.93,174.7,172.93,1.7375272199999998,
1629182460000,175.97,175.04,175.97,175.04,0.82001024,
1629183660000,172.18,172.18,172.18,172.18,1.0,
1629197160000,177.94,177.94,177.94,177.94,0.66353548,
1629209520000,176.74,176.74,176.74,176.74,0.001,
1629238200000,164.11,164.11,164.11,164.11,0.10000001,
1629260580000,162.07,162.64,162.64,162.07,0.31719833,
1629266160000,161.82,161.82,161.82,161.82,0.001,
1629273780000,161.07,159.04,161.07,159.04,11.5732564,
1629286680000,159.27,159.27,159.27,159.27,0.001,
1629291600000,160.13,160.13,160.13,160.13,0.001,
1629298260000,163.0,163.0,163.0,163.0,3.0,
1629315420000,160.64,160.64,160.64,160.64,0.13116363,
1629329580000,160.66,160.66,160.66,160.66,0.001,
1629331980000,159.39,159.39,159.39,159.39,3.78836341,
1629332220000,158.74,158.73,158.74,158.73,5.21478303,
1629342000000,158.84,158.84,158.84,158.84,0.001,
1629350760000,153.33,153.33,153.33,153.33,10.0,
1629361860000,155.6,155.6,155.6,155.6,1.0,
1629378420000,155.46,155.46,155.46,155.46,0.001,
1629380820000,156.0,156.0,156.0,156.0,1.0,
1629394320000,160.0,160.0,160.0,160.0,5.59076602,
1629394620000,159.81,159.81,159.81,159.81,0.001,
1629441540000,163.34,163.34,163.34,163.34,0.001,
1629462900000,164.74,164.75,164.75,164.74,6.63603709,
1629463140000,164.3,164.3,164.3,164.3,0.001,
1629464580000,162.43,162.43,162.43,162.43,0.30914638,
1629467940000,166.82,166.82,166.82,166.82,2.89440332,
1629470040000,167.0,167.0,167.0,167.0,0.3531,
1629489300000,170.0,170.0,170.0,170.0,11.93816122,
1629489360000,170.0,170.0,170.0,170.0,1.71499976,
1629490440000,170.0,170.0,170.0,170.0,3.51336682,
1629490560000,169.99,170.0,170.0,169.99,3.5043958500000003,
1629501720000,173.9,173.9,173.9,173.9,19.55556724,
1629529500000,172.53,172.53,172.53,172.53,0.001,
1629544320000,171.33,171.33,171.33,171.33,0.001,
1629558120000,173.33,173.33,173.33,173.33,0.001,
1629562500000,174.47,174.47,174.47,174.47,0.001,
1629614700000,176.62,175.53,176.62,175.53,0.2858384,
1629615060000,175.84,175.84,175.84,175.84,0.209049,
1629639960000,177.43,177.43,177.43,177.43,0.001,
1629643800000,174.85,174.4,174.85,174.4,0.69780121,
1629661440000,174.8,174.8,174.8,174.8,0.001,
1629675780000,177.16,179.35,179.35,177.16,0.00319909,
1629708360000,179.63,179.63,179.63,179.63,0.001,
1629733440000,174.84,174.36,174.84,174.36,0.27009515,
1629735360000,174.36,174.36,174.36,174.36,0.30443088,
1629754560000,176.27,176.27,176.27,176.27,0.5729525,
1629759900000,179.22,179.22,179.22,179.22,0.03,
1629767160000,174.82,174.82,174.82,174.82,0.001,
1629782760000,172.79,172.79,172.79,172.79,0.29170222,
1629801600000,172.7,171.92,172.7,171.92,2.8145,
1629807480000,175.13,175.13,175.13,175.13,0.0576,
1629807840000,175.13,175.13,175.13,175.13,0.11057959,
1629808200000,171.43,171.43,171.43,171.43,0.10677883,
1629808500000,174.76,174.76,174.76,174.76,0.28234872,
1629808740000,171.67,171.67,171.67,171.67,0.28057509,
1629809400000,176.28,176.28,176.28,176.28,0.01029963,
1629810300000,172.18,172.18,172.18,172.18,0.01521303,
1629811260000,177.0,177.0,177.0,177.0,0.01350821,
1629812160000,171.21,171.21,171.21,171.21,0.01578876,
1629813120000,173.26,173.26,173.26,173.26,0.01910627,
1629828780000,167.23,167.23,167.23,167.23,0.001,
1629836820000,170.68,170.68,170.68,170.68,0.01393901,
1629837720000,166.97,166.97,166.97,166.97,0.01205922,
1629838680000,170.37,170.37,170.37,170.37,0.01301825,
1629839580000,167.14,167.14,167.14,167.14,0.01192614,
1629840540000,170.82,170.82,170.82,170.82,0.01134302,
1629841320000,170.65,170.65,170.65,170.65,0.001,
1629841440000,167.91,167.91,167.91,167.91,0.0122834,
1629845280000,171.27,171.27,171.27,171.27,0.00956241,
1629846180000,168.1,168.1,168.1,168.1,0.0116646,
1629847140000,170.22,170.22,170.22,170.22,0.01101057,
1629847440000,167.39,167.39,167.39,167.39,0.001,
1629871380000,169.12,169.12,169.12,169.12,0.001,
1629877740000,168.26,168.26,168.26,168.26,0.001,
1629880740000,166.05,166.05,166.05,166.05,0.001,
1629893340000,166.68,166.68,166.68,166.68,0.001,
1629893700000,166.67,166.67,166.67,166.67,0.001,
1629902160000,169.52,169.52,169.52,169.52,0.001,
1629904260000,168.43,168.43,168.43,168.43,0.00319269,
1629932640000,176.78,176.78,176.78,176.78,0.001,
1629936660000,175.88,175.88,175.88,175.88,0.001,
1629943020000,174.91,174.03,174.91,174.03,0.3014014,
1629960300000,169.3,169.3,169.3,169.3,0.0989,
1629968520000,169.49,169.49,169.49,169.49,0.03615475,
1629968640000,170.06,170.06,170.06,170.06,0.0374335,
1629968700000,170.26,170.26,170.26,170.26,0.5471055699999999,
1629970920000,170.0,170.0,170.0,170.0,0.00139555,
1629988440000,167.02,167.02,167.02,167.02,0.00552366,
1629991260000,166.44,166.44,166.44,166.44,0.001,
1629994680000,166.15,166.15,166.15,166.15,0.001,
1630008660000,168.05,168.05,168.05,168.05,0.001,
1630014960000,171.77,171.77,171.77,171.77,0.001,
1630018920000,176.3,176.3,176.3,176.3,0.001,
1630018980000,176.3,176.3,176.3,176.3,0.042,
1630057500000,175.97,175.97,175.97,175.97,0.04006009,
1630068480000,172.76,172.76,172.76,172.76,0.00551813,
1630073940000,175.95,175.95,175.95,175.95,0.001,
1630105920000,180.34,180.34,180.34,180.34,0.1,
1630108200000,181.01,181.01,181.01,181.01,3.0,
1630123260000,176.18,176.18,176.18,176.18,0.08927974,
1630126320000,178.8,178.8,178.8,178.8,0.00959353,
1630130520000,175.03,175.03,175.03,175.03,0.001,
1630150920000,173.5,173.5,173.5,173.5,0.001,
1630159500000,173.1,173.1,173.1,173.1,0.001,
1630168500000,174.15,174.15,174.15,174.15,0.001,
1630173120000,175.1,175.1,175.1,175.1,0.001,
1630177320000,171.79,171.79,171.79,171.79,0.09887026,
1630183980000,168.61,168.61,168.61,168.61,0.0998,
1630194540000,172.34,172.34,172.34,172.34,0.001,
1630204020000,175.14,175.14,175.14,175.14,0.00856163,
1630206120000,170.96,170.96,170.96,170.96,0.001,
1630210260000,168.62,168.62,168.62,168.62,0.001,
1630233960000,170.22,170.22,170.22,170.22,0.001,
1630243200000,170.74,170.74,170.74,170.74,0.21932057,
1630243800000,174.16,174.16,174.16,174.16,0.00130937,
1630244400000,169.93,169.93,169.93,169.93,0.00164759,
1630248600000,174.76,174.76,174.76,174.76,0.001,
1630249800000,170.9,170.9,170.9,170.9,0.00905985,
1630266480000,172.94,172.94,172.94,172.94,0.26143735,
1630268700000,177.66,177.66,177.66,177.66,0.10496343,
1630268760000,177.26,177.26,177.26,177.26,0.001,
1630269120000,173.68,173.68,173.68,173.68,0.00301341,
1630284540000,177.06,177.06,177.06,177.06,0.001,
1630294320000,175.85,175.85,175.85,175.85,0.001,
1630310040000,175.0,175.0,175.0,175.0,0.00386941,
1630311480000,172.12,172.12,172.12,172.12,0.001,
1630311900000,174.6,174.6,174.6,174.6,2.0,
1630320540000,172.07,172.07,172.07,172.07,0.43,
1630323540000,167.1,167.1,167.1,167.1,0.39304578,
1630336620000,171.0,171.0,171.0,171.0,0.001,
1630336740000,169.73,169.73,169.73,169.73,0.2971585,
1630336980000,170.88,170.88,170.88,170.88,0.001,
1630344420000,173.15,173.15,173.15,173.15,0.001,
1630362240000,170.68,170.68,170.68,170.68,0.15,
1630367280000,167.61,159.54,167.61,159.54,2.68719044,
1630367460000,168.45,168.45,168.45,168.45,0.01118365,
1630368120000,163.08,163.08,163.08,163.08,0.00760306,
1630390560000,168.18,168.18,168.18,168.18,0.3150225,
1630394760000,167.71,167.71,167.71,167.71,0.001,
1630396260000,169.14,169.16,169.16,169.14,0.68950024,
1630409040000,171.0,171.0,171.0,171.0,0.7,
1630409880000,167.86,167.86,167.86,167.86,3.66266,
1630418700000,171.64,171.65,171.65,171.64,0.4010236699999999,
1630418880000,171.7,171.7,171.7,171.7,0.00563259,
1630419360000,167.97,167.52,167.97,167.52,0.7,
1630420560000,167.7,167.7,167.7,167.7,0.11804712,
1630420680000,167.51,167.51,167.51,167.51,0.002875,
1630420920000,165.07,165.07,165.07,165.07,0.00362353,
1630446120000,172.96,172.96,172.96,172.96,0.11693007,
1630453500000,174.6,174.6,174.6,174.6,0.21355789,
1630483740000,174.64,174.64,174.64,174.64,0.40221941,
1630509180000,172.36,172.36,172.36,172.36,0.2723367,
1630517040000,179.59,179.59,179.59,179.59,0.3729142,
1630526220000,181.34,181.34,181.34,181.34,16.8489578,
1630539420000,181.39,181.39,181.39,181.39,0.05498959,
1630539720000,181.4,181.4,181.4,181.4,0.02,
1630540920000,182.0,182.0,182.0,182.0,15.81179325,
1630547640000,185.0,185.0,185.0,185.0,2.73,
1630579260000,181.91,181.91,181.91,181.91,0.05717457,
1630582260000,185.55,185.55,185.55,185.55,0.02043454,
1630623960000,181.5,181.5,181.5,181.5,0.58022,
1630628340000,180.58,180.58,180.58,180.58,0.02,
1630634460000,176.68,176.68,176.68,176.68,0.5,
1630670100000,183.18,183.18,183.18,183.18,0.0315,
1630736880000,176.07,176.07,176.07,176.07,0.0567943,
1630757760000,178.16,178.16,178.16,178.16,0.02472357,
1630845420000,173.46,173.46,173.46,173.46,0.3600616,
1630846020000,175.37,175.37,175.37,175.37,0.02996274,
1630846200000,175.37,175.37,175.37,175.37,0.1139,
1630850460000,175.37,175.37,175.37,175.37,0.114,
1630856520000,175.37,175.37,175.37,175.37,0.1185,
1630860540000,175.37,175.37,175.37,175.37,0.1185,
1630864560000,174.99,174.99,174.99,174.99,0.1187,
1630875600000,175.4,175.58,175.58,175.4,12.35660674,
1630876200000,175.58,175.58,175.58,175.58,12.41566985,
1630876260000,175.58,175.58,175.58,175.58,7.465930149999999,
1630898340000,175.51,175.51,175.51,175.51,0.351,
1630899540000,175.48,175.03,175.48,175.03,6.338347,
1630906260000,177.08,177.08,177.08,177.08,0.1174,
1630909080000,174.02,174.02,174.02,174.02,0.351,
1630910040000,174.27,174.27,174.27,174.27,0.1157,
1630919220000,174.88,174.88,174.88,174.88,0.41657044,
1630927200000,174.0,174.0,174.0,174.0,6.49342,
1630927380000,174.0,174.0,174.0,174.0,1.15658,
1630929840000,171.28,171.28,171.28,171.28,0.08757539,
1630936200000,171.11,171.11,171.11,171.11,0.33886702,
1630958460000,174.21,174.21,174.21,174.21,0.34883676,
1630990380000,171.44,171.44,171.44,171.44,0.08749417,
1630992180000,174.29,174.29,174.29,174.29,0.5,
1630998960000,168.35,168.35,168.35,168.35,0.71956872,
1631003400000,164.01,164.01,164.01,164.01,0.30780596,
1631004960000,164.0,162.76,164.0,162.76,0.30918431,
1631024040000,162.34,162.34,162.34,162.34,0.02,
1631025240000,160.93,160.93,160.93,160.93,0.02667689,
1631026140000,157.4,157.4,157.4,157.4,0.37033541,
1631027940000,150.77,150.77,150.77,150.77,0.02,
1631037600000,148.91,148.89,148.91,148.89,7.592661,
1631037720000,148.89,148.89,148.89,148.89,4.55676,
1631038440000,148.89,148.89,148.89,148.89,2.20665363,
1631038500000,148.17,148.17,148.17,148.17,2.80867392,
1631038560000,148.17,148.17,148.17,148.17,2.80867392,
1631040120000,148.87,148.87,148.87,148.87,4.98758335,
1631040360000,149.12,149.12,149.12,149.12,5.9023537,
1631040900000,156.5,156.5,156.5,156.5,0.026656,
1631040960000,156.33,156.33,156.33,156.33,0.34339418,
1631054640000,151.21,151.21,151.21,151.21,0.02,
1631066820000,156.5,156.5,156.5,156.5,0.36066568,
1631071380000,148.88,148.88,148.88,148.88,0.02,
1631083380000,141.58,140.0,141.58,140.0,2.35208399,
1631089020000,142.24,142.24,142.24,142.24,0.02,
1631103540000,147.78,147.78,147.78,147.78,0.04,
1631104260000,149.99,149.99,149.99,149.99,0.0658048,
1631118600000,149.39,149.39,149.39,149.39,0.02,
1631118840000,149.99,150.0,150.0,149.99,14.79274788,
1631131320000,147.96,147.96,147.96,147.96,0.29240742,
1631133120000,144.66,143.33,144.66,143.33,1.19643496,
1631133180000,144.66,144.66,144.66,144.66,1.01579244,
1631156280000,144.86,144.86,144.86,144.86,0.02,
1631169540000,148.17,148.89,148.89,148.17,0.02940474,
1631172780000,148.55,148.75,148.75,148.0,4.72158642,
1631176200000,151.24,151.24,151.24,151.24,0.12968647,
1631176860000,144.6,144.6,144.6,144.6,0.722554,
1631176920000,151.24,151.24,151.24,151.24,0.13224015,
1631177820000,150.95,150.95,150.95,150.95,0.64515737,
1631182680000,144.34,143.07,144.34,143.07,0.50068745,
1631182740000,141.06,141.05,141.06,141.05,1.44131197,
1631183700000,147.28,147.28,147.28,147.28,0.03090935,
1631189340000,148.02,148.02,148.02,148.02,0.02,
1631189580000,143.96,143.56,143.96,143.56,1.47976251,
1631189940000,152.85,152.85,152.85,152.85,0.02405243,
1631194380000,144.32,141.21,144.32,141.21,0.41333242,
1631196480000,151.78,151.78,151.78,151.78,0.12780724,
1631196540000,151.78,151.78,151.78,151.78,0.37758714,
1631197500000,143.99,143.99,143.99,143.99,1.46173083,
1631198040000,145.77,145.77,145.77,145.77,0.13203686,
1631208240000,148.52,148.53,148.53,148.52,0.1510947,
1631213640000,145.79,143.92,145.79,143.92,0.69447328,
1631219280000,145.0,145.0,145.0,145.0,0.02,
1631235720000,146.42,146.42,146.42,146.42,0.02,
1631241300000,141.87,141.87,141.87,141.87,0.02,
1631271240000,151.43,151.43,151.43,151.43,0.02,
1631319660000,147.18,147.18,147.18,147.18,0.02,
1631389860000,146.95,146.95,146.95,146.95,0.1415,
1631410020000,143.01,143.01,143.01,143.01,0.02,
1631434800000,144.86,144.86,144.86,144.86,0.02,
1631478720000,144.81,144.67,144.81,144.67,0.79969851,
1631478960000,144.45,140.3,144.45,140.3,0.1639,
1631479140000,140.61,140.32,140.61,140.32,0.2851,
1631488080000,144.45,144.45,144.45,144.45,0.02,
1631505120000,138.78,138.78,138.78,138.78,0.02,
1631533980000,137.25,137.24,137.29,137.24,0.33922626,
1631540700000,140.42,140.42,140.42,140.42,0.02,
1631646540000,140.1,140.1,140.1,140.1,1.648464,
1631654640000,140.61,140.61,140.61,140.61,0.02,
1631662800000,142.69,142.69,142.69,142.69,0.02,
1631681820000,144.56,144.56,144.56,144.56,0.51103,
1631761800000,142.8,142.8,142.8,142.8,0.02,
1631761920000,146.7,146.71,146.71,146.7,0.51,
1631800740000,140.07,140.07,140.07,140.07,0.02,
1631800800000,143.39,156.5,156.5,143.39,1.01898,
1631800860000,137.03,132.6,137.03,132.6,2.49103589,
1631805960000,140.56,140.56,140.56,140.56,0.02,
1631875680000,148.21,148.21,148.21,148.21,0.02,
1631902020000,145.46,143.65,145.46,143.65,0.062488,
1631927700000,145.95,145.95,145.95,145.95,0.02,
1631972160000,146.68,146.68,146.68,146.68,0.02,
1631979240000,147.1,147.86,147.86,147.1,0.36694101,
1631989440000,144.66,144.66,144.66,144.66,0.02,
1631996040000,143.06,143.06,143.06,143.06,0.02,
1632052080000,138.4,138.4,138.4,138.4,1.5,
1632061140000,139.19,139.19,139.19,139.19,0.02,
1632076320000,140.75,140.75,140.75,140.75,0.02,
1632084180000,141.61,141.61,141.61,141.61,0.415737,
1632097560000,139.31,139.31,139.31,139.31,0.02,
1632105240000,138.15,138.15,138.15,138.15,0.02,
1632108540000,132.89,132.89,132.89,132.89,0.36011483,
1632122460000,132.6,132.6,132.6,132.6,11.23469568,
1632122700000,132.6,132.6,132.6,132.6,35.19725295,
1632122760000,132.6,132.6,132.6,132.6,14.32880858,
1632122820000,132.6,132.6,132.6,132.6,2.26244318,
1632123060000,132.6,132.6,132.6,132.6,9.05292768,
1632123180000,132.6,132.6,132.6,132.6,75.35829822,
1632123240000,132.6,132.6,132.6,132.6,88.06498398,
1632123300000,132.6,132.6,132.6,132.6,74.84288767,
1632124260000,132.6,132.6,132.6,132.6,0.76762986,
1632126120000,132.6,132.6,132.6,132.6,0.38150113,
1632126180000,132.6,132.6,132.6,132.6,1.14450339,
1632126480000,132.6,132.6,132.6,132.6,0.38087175,
1632126780000,132.6,132.6,132.6,132.6,0.38124061,
1632127800000,132.6,132.6,132.6,132.6,120.88826594,
1632127860000,132.6,132.6,132.6,132.6,18.986769650000003,
1632128100000,132.6,132.6,132.6,132.6,6.78733038,
1632128220000,132.6,132.6,132.6,132.6,9.04977384,
1632128280000,132.6,132.6,132.6,132.6,4.52488692,
1632128400000,134.53,134.53,134.53,134.53,0.7541,
1632129780000,132.6,132.6,132.6,132.6,7.16440429,
1632129840000,132.6,132.6,132.6,132.6,12.19274281,
1632134220000,130.47,130.47,130.47,130.47,0.49998456,
1632139440000,128.55,128.55,128.55,128.55,0.0708,
1632139560000,128.55,128.55,128.55,128.55,0.0364,
1632139680000,129.36,129.36,129.36,129.36,0.0475,
1632140220000,128.95,128.95,128.95,128.95,0.0520999999999999,
1632141360000,122.97,122.97,122.97,122.97,0.03,
1632142020000,126.46,126.46,126.46,126.46,0.0752,
1632145800000,126.75,126.75,126.75,126.75,0.03,
1632149940000,126.73,126.73,126.73,126.73,0.02,
1632183720000,113.39,114.07,114.07,113.39,1.37214873,
1632184680000,118.03,118.03,118.03,118.03,0.16009891,
1632192600000,119.74,119.74,119.74,119.74,0.02,
1632196440000,119.16,119.16,119.16,119.16,0.15842211,
1632206280000,118.63,118.63,118.63,118.63,0.02,
1632230040000,118.55,118.55,118.55,118.55,0.02,
1632233100000,117.48,117.48,117.48,117.48,0.02,
1632242340000,115.49,115.49,115.49,115.49,0.4422,
1632242400000,115.49,115.0,115.49,115.0,0.8844,
1632242520000,115.0,115.0,115.0,115.0,0.68,
1632245040000,112.5,112.1,112.5,112.1,6.73734784,
1632245880000,112.0,112.0,112.0,112.0,0.5,
1632247080000,111.01,111.0,111.01,111.0,11.07396,
1632247140000,111.01,111.01,111.01,111.01,5.61734784,
1632247200000,111.0,111.0,111.0,111.0,0.51,
1632247860000,111.5,111.5,111.5,111.5,1.0361,
1632256440000,109.66,109.66,109.66,109.66,0.52184077,
1632256980000,108.0,108.0,108.0,108.0,2.99195932,
1632257280000,108.0,108.0,108.0,108.0,5.89849447,
1632259260000,105.86,105.86,105.86,105.86,0.48396898,
1632259380000,106.39,106.36,106.53,106.36,1.43960879,
1632259500000,106.99,106.88,106.99,106.86,3.3417219300000003,
1632259920000,105.86,105.86,105.86,105.86,0.47613098,
1632268500000,106.15,106.15,106.15,106.15,0.03,
1632274920000,109.93,109.93,109.93,109.93,0.02,
1632296100000,111.28,111.28,111.28,111.28,0.45118732,
1632310440000,110.81,110.81,110.81,110.81,0.02,
1632323880000,112.35,112.35,112.35,112.35,0.02,
1632324000000,110.29,110.27,110.29,110.27,10.79055958,
1632324060000,110.48,110.48,110.48,110.48,0.02,
1632326100000,113.07,113.07,113.07,113.07,0.6,
1632338700000,115.75,115.75,115.75,115.75,2.93324501,
1632338760000,115.77,115.79,115.79,115.77,0.1940118599999999,
1632344160000,116.95,116.95,116.95,116.95,0.03,
1632397380000,115.0,115.0,115.0,115.0,4.27235,
1632410100000,118.12,118.12,118.12,118.12,0.02,
1632426300000,123.85,122.41,123.85,122.41,18.87747742,
1632426360000,120.94,120.94,120.94,120.94,0.13123759,
1632427140000,123.83,123.6,123.83,123.6,9.26873635,
1632482280000,110.43,110.0,110.43,110.0,6.52238504,
1632496740000,113.6,113.6,113.6,113.6,0.02,
1632498060000,112.19,112.19,112.19,112.19,0.02,
1632514080000,115.84,115.84,115.84,115.84,0.02,
1632517140000,115.44,115.44,115.44,115.44,1.078559,
1632519480000,117.6,117.6,117.6,117.6,0.02,
1632530880000,115.69,115.69,115.69,115.69,0.02,
1632533880000,115.12,115.12,115.12,115.12,0.47,
1632550380000,117.02,117.02,117.02,117.02,0.0937236,
1632594540000,116.29,116.29,116.29,116.29,6.506712,
1632615720000,114.2,114.2,114.2,114.2,0.12051787,
1632644580000,108.7,108.7,108.7,108.7,5.10792471,
1632644700000,108.56,108.56,108.56,108.56,3.19335493,
1632649620000,112.71,112.71,112.71,112.71,0.02,
1632731880000,112.22,110.5,112.22,110.5,0.45363357,
1632746100000,108.91,108.91,108.91,108.91,0.44271207,
1632761280000,107.94,107.94,107.94,107.94,0.03,
1632822360000,104.97,104.21,104.97,104.21,3.88284843,
1632822420000,103.18,103.18,103.18,103.18,3.95863406,
1632834540000,100.77,100.77,100.77,100.77,0.12039735,
1632834780000,100.23,100.23,100.23,100.23,3.69908459,
1632839820000,98.712,98.612,98.712,98.612,1.06421959,
1632873120000,96.503,96.503,96.503,96.503,0.313,
1632874440000,95.933,95.933,95.933,95.933,0.20220424,
1632879420000,96.368,96.368,96.368,96.368,0.13821044,
1632880260000,96.86,96.86,96.86,96.86,0.2,
1632911880000,98.691,98.691,98.691,98.691,0.13807222,
1632912900000,99.646,99.646,99.646,99.646,0.02,
1632930000000,98.226,98.226,98.226,98.226,0.02,
1632943020000,98.229,98.229,98.229,98.229,0.02,
1632945300000,97.866,97.866,97.866,97.866,0.02,
1632949680000,98.591,98.591,98.591,98.591,0.02,
1632955740000,100.56,100.56,100.56,100.56,0.6,
1632960900000,100.36,100.36,100.36,100.36,0.02,
1632985620000,102.19,102.19,102.19,102.19,0.03,
1632996540000,102.51,102.51,102.51,102.51,0.02,
1633005780000,102.87,102.87,102.87,102.87,0.02,
1633027020000,104.51,104.51,104.51,104.51,0.02,
1633034640000,104.37,104.37,104.37,104.37,0.02,
1633058820000,103.5,101.78,103.5,101.78,4.88663276,
1633073280000,103.57,103.57,103.57,103.57,0.02,
1633084080000,106.65,106.66,106.66,106.65,0.1664501599999999,
1633085460000,109.85,109.85,109.85,109.85,0.43163519,
1633133580000,109.81,109.81,109.81,109.81,0.1348469,
1633138440000,110.35,110.35,110.35,110.35,0.68693,
1633147380000,109.75,109.75,109.75,109.75,0.68555,
1633189080000,113.9,111.25,113.9,111.25,2.10973,
1633189140000,111.25,111.25,111.25,111.25,0.02,
1633189200000,113.9,113.9,113.9,113.9,0.0285,
1633230540000,114.62,114.62,114.62,114.62,0.02,
1633252380000,115.17,115.17,115.17,115.17,0.02,
1633301520000,120.18,120.18,120.18,120.18,10.0,
1633302300000,116.95,116.95,116.95,116.95,9.980529,
1633326180000,117.26,117.26,117.26,117.26,0.11861644,
1633329180000,117.1,117.1,117.1,117.1,0.1,
1633349640000,116.95,116.95,116.95,116.95,0.02,
1633364340000,120.35,120.36,120.36,120.35,0.1547120599999999,
1633369920000,122.3,122.3,122.3,122.3,0.02,
1633383600000,124.17,124.17,124.17,124.17,0.11208853,
1633399620000,126.32,126.32,126.32,126.32,0.121784,
1633488660000,121.44,121.44,121.44,121.44,0.38045569,
1633594560000,129.33,129.33,129.33,129.33,0.901638,
1633690020000,130.2,129.9,130.2,129.9,0.2,
1633690080000,129.9,129.9,129.9,129.9,0.24,
1633690140000,129.9,129.9,129.9,129.9,0.04,
1633696320000,126.39,126.39,126.39,126.39,0.02,
1633722900000,126.23,125.98,126.23,125.98,0.39999386,
1633730220000,125.66,125.47,125.66,125.47,0.273712,
1633734480000,125.18,125.18,125.18,125.18,21.10394263,
1633764000000,128.52,128.52,128.52,128.52,0.09197644,
1633778940000,129.0,129.0,129.0,129.0,0.042391,
1633782900000,131.5,131.5,131.5,131.5,3.85185796,
1633786560000,131.5,131.5,131.5,131.5,0.42264829,
1633795320000,131.5,131.5,131.5,131.5,4.97623375,
1633838760000,130.13,130.13,130.13,130.13,0.1,
1633871820000,134.12,134.12,134.12,134.12,0.03,
1633891380000,136.43,136.43,136.43,136.43,0.02,
1633937640000,137.27,137.27,137.27,137.27,0.1,
1633949280000,138.24,138.24,138.24,138.24,0.02,
1633968360000,136.05,136.05,136.05,136.05,0.02,
1633974660000,133.53,133.53,133.53,133.53,0.02,
1633996260000,128.68,128.68,128.68,128.68,0.247938,
1634017860000,126.74,126.74,126.74,126.74,0.02,
1634032140000,126.29,126.29,126.29,126.29,0.02,
1634074440000,124.54,124.54,124.54,124.54,0.02,
1634086980000,126.16,126.16,126.16,126.16,0.02,
1634101380000,124.68,124.68,124.68,124.68,0.02,
1634103540000,122.96,122.96,122.96,122.96,0.02,
1634110440000,121.86,121.86,121.86,121.86,0.04,
1634150700000,122.35,122.35,122.35,122.35,6.4544491,
1634152140000,124.36,124.36,124.36,124.36,0.02,
1634153220000,123.18,123.18,123.18,123.18,0.089797,
1634211420000,125.49,125.49,125.49,125.49,0.02,
1634260380000,121.74,121.74,121.74,121.74,0.02,
1634264580000,122.89,122.89,122.89,122.89,0.03,
1634281380000,123.19,123.19,123.19,123.19,0.77782376,
1634301420000,122.81,122.81,122.81,122.81,0.02,
1634312100000,120.75,120.75,120.75,120.75,0.02,
1634317020000,121.58,121.58,121.58,121.58,0.02,
1634329020000,121.98,121.98,121.98,121.98,0.02,
1634340600000,122.08,122.1,122.1,122.08,0.135,
1634406000000,119.56,118.5,119.56,118.5,0.42520015,
1634428920000,116.4,116.4,116.4,116.4,0.4330174,
1634500020000,115.32,114.86,115.32,114.86,4.06840338,
1634561760000,116.05,116.05,116.05,116.05,0.29689829,
1634597280000,115.03,114.91,115.03,114.91,0.4291399999999999,
1634607720000,117.23,117.23,117.23,117.23,0.02,
1634616060000,116.98,116.98,116.98,116.98,19.0,
1634622660000,116.91,116.91,116.91,116.91,0.42303996,
1634653620000,116.55,116.55,116.55,116.55,0.20006641,
1634663580000,117.81,117.81,117.81,117.81,0.02,
1634684400000,119.92,123.42,123.42,119.92,31.11870657,
1634696220000,121.42,121.42,121.42,121.42,0.11702561,
1634733120000,123.29,123.29,123.29,123.29,0.02,
1634737740000,126.94,126.94,126.94,126.94,3.93175,
1634747400000,127.87,133.37,133.7,127.64,56.1857306,
1634749800000,125.5,125.5,125.5,125.5,0.19986634,
1634756400000,125.54,125.54,125.54,125.54,1.08503996,
1634758440000,128.62,128.62,128.62,128.62,1.1713,
1634765880000,127.41,127.41,127.41,127.41,0.0463,
1634767980000,125.5,118.86,125.5,118.86,25.659057,
1634771880000,125.59,125.59,125.59,125.59,0.078,
1634802360000,126.07,126.07,126.07,126.07,0.11326667,
1634822640000,123.89,123.89,123.89,123.89,0.32668227,
1634849100000,120.68,120.33,120.68,120.33,15.0,
1634905560000,123.4,120.89,123.4,120.89,15.0,
1634924400000,124.27,124.27,124.27,124.27,0.499072,
1634925060000,121.17,121.17,121.17,121.17,0.41576529,
1634928060000,122.02,122.02,122.02,122.02,1.2956,
1634958300000,121.94,121.94,121.94,121.94,1.497,
1634970780000,124.12,124.12,124.12,124.12,0.4,
1634989620000,124.0,124.0,124.0,124.0,2.68,
1634994300000,126.68,126.68,126.68,126.68,0.02,
1634995020000,127.56,127.56,127.56,127.56,0.02000001,
1635000180000,126.27,126.0,126.27,126.0,38.90883317,
1635003120000,128.67,128.67,128.67,128.67,0.02,
1635006480000,128.5,128.5,128.5,128.5,4.995,
1635009660000,128.0,128.0,128.0,128.0,10.0,
1635026580000,130.9,131.19,131.19,130.9,1.02840065,
1635042480000,129.96,129.96,129.96,129.96,0.02,
1635058680000,129.11,129.11,129.11,129.11,0.02,
1635058740000,126.76,126.76,126.76,126.76,4.9238800000000005,
1635074460000,126.52,126.52,126.52,126.52,0.02,
1635109200000,123.37,123.37,123.37,123.37,0.03,
1635122340000,124.68,124.68,124.68,124.68,4.01027,
1635148920000,124.6,124.6,124.6,124.6,0.11802478,
1635149640000,125.96,125.96,125.96,125.96,0.02,
1635185760000,124.53,124.53,124.53,124.53,0.02,
1635221400000,120.0,120.0,120.0,120.0,2.0,
1635259800000,118.38,118.38,118.38,118.38,0.41586899,
1635282540000,122.09,122.09,122.09,122.09,9.45342,
1635361200000,111.87,111.87,111.87,111.87,1.31421173,
1635365340000,111.6,109.33,111.6,109.33,0.042832,
1635388500000,107.6,107.6,107.6,107.6,30.0,
1635388560000,107.32,107.32,107.32,107.32,0.12141949,
1635408840000,108.96,108.96,108.96,108.96,0.02,
1635419340000,112.96,112.96,112.96,112.96,20.0,
1635451140000,111.23,111.23,111.23,111.23,0.123988,
1635460680000,109.65,109.65,109.65,109.65,0.45967375,
1635464640000,109.45,109.45,109.45,109.45,0.46051372,
1635476160000,114.12,114.12,114.12,114.12,0.45921407,
1635481980000,114.18,114.18,114.18,114.18,0.02,
1635492720000,110.92,110.92,110.92,110.92,0.02,
1635497460000,112.15,112.15,112.15,112.15,0.02,
1635541620000,116.59,116.59,116.59,116.59,0.02,
1635566700000,115.64,115.64,115.64,115.64,0.1015,
1635567120000,115.66,115.66,115.66,115.66,0.1,
1635594720000,116.31,116.0,116.31,116.0,8.57,
1635605100000,114.23,114.23,114.23,114.23,0.02,
1635618540000,115.75,115.75,115.75,115.75,0.02,
1635642660000,114.7,114.18,114.7,114.18,0.112687,
1635666000000,114.71,114.71,114.71,114.71,0.02,
1635674760000,113.44,112.61,113.44,112.61,1.37437234,
1635699060000,112.66,112.66,112.66,112.66,0.02,
1635726600000,115.12,115.12,115.12,115.12,0.02,
1635728700000,116.6,116.6,116.6,116.6,0.02,
1635760260000,113.54,113.35,113.54,113.35,0.498074,
1635784080000,112.5,112.5,112.5,112.5,0.4698,
1635792000000,109.55,109.55,109.55,109.55,4.0,
1635804360000,110.31,110.31,110.31,110.31,0.45692345,
1635849960000,115.08,115.08,115.08,115.08,0.140803,
1635850020000,112.6,112.6,112.6,112.6,0.140521,
1635861900000,112.16,112.01,112.16,112.01,1.0,
1635870180000,111.53,110.12,111.53,110.12,9.0,
1635884400000,111.3,111.3,111.3,111.3,2.915615,
1635941220000,112.02,112.02,112.02,112.02,0.39787155,
1635945420000,111.4,111.4,111.4,111.4,0.44883304,
1635945660000,111.4,111.4,111.4,111.4,0.55116696,
1635948000000,108.15,104.57,108.15,104.57,13.0,
1635949680000,110.02,110.02,110.02,110.02,0.46502942,
1635954180000,110.69,110.69,110.69,110.69,2.0,
1635973440000,110.0,110.0,110.0,110.0,10.0,
1635986640000,111.41,111.4,111.41,111.4,10.59579615,
1635991020000,111.77,111.77,111.77,111.77,8.16,
1636036140000,108.65,108.09,108.65,108.09,12.0,
1636104840000,108.22,108.22,108.22,108.22,8.372,
1636109340000,107.0,107.0,107.0,107.0,8.54,
1636121400000,102.64,102.64,102.64,102.64,0.17640809,
1636121580000,104.84,104.84,104.84,104.84,0.5,
1636125720000,101.79,101.79,101.79,101.79,1.33264623,
1636126980000,103.8,103.8,103.8,103.8,1.0,
1636207560000,101.14,101.14,101.14,101.14,3.97115633,
1636225200000,105.78,105.78,105.78,105.78,11.32826346,
1636225680000,105.78,105.78,105.78,105.78,2.80867392,
1636225740000,105.78,105.78,105.78,105.78,9.15122495,
1636227960000,105.64,105.64,105.64,105.64,0.19084902,
1636246260000,105.3,105.3,105.3,105.3,0.1,
1636246800000,107.0,107.0,107.0,107.0,1.0,
1636307160000,107.5,107.5,107.5,107.5,10.0,
1636307280000,107.5,107.5,107.5,107.5,8.0,
1636308660000,107.02,107.02,107.02,107.02,0.19317249,
1636308720000,107.02,107.02,107.02,107.02,0.19009054,
1636372020000,107.02,107.02,107.02,107.02,20.0,
1636378500000,106.49,106.49,106.49,106.49,1.996,
1636404480000,105.85,105.85,105.85,105.85,0.16038046,
1636412340000,107.5,107.5,107.5,107.5,10.0,
1636413180000,107.91,107.91,107.91,107.91,0.18840567,
1636413240000,107.91,107.91,107.91,107.91,0.75483968,
1636413300000,108.13,108.13,108.13,108.13,0.94147617,
1636413360000,108.13,108.13,108.13,108.13,0.7537364,
1636413480000,108.24,108.24,108.24,108.24,0.94171827,
1636416420000,107.91,107.91,107.91,107.91,0.37758769,
1636420080000,107.0,107.0,107.0,107.0,5.14051277,
1636474380000,105.26,105.11,105.26,105.11,21.64565685,
1636474440000,105.11,103.11,105.11,103.11,7.178143,
1636484940000,105.3,105.3,105.3,105.3,2.80867392,
1636517940000,105.62,105.62,105.62,105.62,3.0,
1636551840000,107.28,107.28,107.28,107.28,0.37285608,
1636568820000,109.21,109.21,109.21,109.21,0.11,
1636579380000,101.0,101.0,101.0,101.0,0.5,
1636588260000,98.97,98.97,98.97,98.97,2.997,
1636641780000,110.94,110.94,110.94,110.94,0.025,
1636641900000,110.99,110.99,110.99,110.99,0.023,
1636667160000,109.54,109.54,109.54,109.54,0.628495,
1636671480000,107.45,107.45,107.45,107.45,0.17744773,
1636744980000,108.06,108.06,108.06,108.06,0.15652318,
1636755060000,111.06,112.0,112.0,111.06,2.45689191,
1636755240000,112.47,112.47,112.47,112.47,7.17449531,
1636811160000,110.69,110.69,110.69,110.69,0.02,
1636813500000,111.33,111.33,111.33,111.33,0.02,
1636815300000,113.61,113.61,113.61,113.61,0.36685544,
1636815720000,111.34,111.34,111.34,111.34,0.0507617,
1636850820000,114.82,114.82,114.82,114.82,0.02131676,
1636853520000,117.3,117.3,117.3,117.3,0.33949228,
1636869780000,119.0,119.0,119.0,119.0,5.42840387,
1636871280000,119.0,119.0,119.0,119.0,23.79812386,
1636873200000,118.07,118.07,118.07,118.07,0.02,
1636883100000,118.44,118.44,118.44,118.44,0.27912458,
1636890360000,119.0,119.0,119.0,119.0,16.39320222,
1636897740000,117.55,117.55,117.55,117.55,0.42878116,
1636910580000,118.04,118.04,118.04,118.04,0.43761546,
1636910880000,115.73,115.0,115.73,115.0,35.91934184,
1636910940000,115.0,115.0,115.0,115.0,14.08065816,
1636918260000,116.06,116.06,116.06,116.06,0.43415641,
1636923060000,116.44,116.44,116.44,116.44,0.4328686499999999,
1636948560000,115.68,115.68,115.68,115.68,3.99,
1636957260000,119.22,119.22,119.22,119.22,0.7560532,
1636957560000,119.15,119.15,119.15,119.15,0.38824499,
1636957620000,119.09,119.09,119.09,119.09,0.3860534,
1636958520000,119.11,119.11,119.11,119.11,0.42316536,
1636960980000,118.83,118.83,118.83,118.83,0.42416247,
1636978500000,120.0,120.0,120.0,120.0,0.67106704,
1636989360000,117.6,117.6,117.6,117.6,0.02,
1636993740000,114.39,114.39,114.39,114.39,0.35181732,
1636999380000,114.97,114.97,114.97,114.97,0.03,
1637034480000,105.97,105.97,105.97,105.97,0.47563674,
1637036640000,108.81,108.81,108.81,108.81,0.02,
1637056860000,107.03,107.03,107.03,107.03,0.02,
1637099940000,107.11,107.11,107.11,107.11,0.46053049,
1637100000000,107.11,106.81,107.11,106.81,1.89910192,
1637100060000,106.57,106.56,106.57,106.56,1.42355184,
1637100120000,106.56,106.56,106.56,106.56,0.46921922,
1637154780000,105.91,105.91,105.91,105.91,0.17663533,
1637173200000,109.84,109.85,109.85,109.84,0.4556,
1637208360000,107.64,107.63,107.64,107.63,0.4547,
1637220420000,110.86,110.86,110.86,110.86,0.17384199,
1637239380000,108.49,108.48,108.49,108.48,0.4646315099999999,
1637251080000,107.34,105.62,107.34,105.62,0.46721289,
1637251140000,105.23,104.42,105.23,104.42,5.76570096,
1637272260000,104.14,104.14,104.14,104.14,0.47399487,
1637276580000,103.22,103.0,103.22,103.0,14.39421592,
1637291400000,101.36,101.36,101.36,101.36,0.351465,
1637325600000,106.97,106.97,106.97,106.97,0.4683,
1637343900000,107.75,107.75,107.75,107.75,0.4649,
1637346360000,106.7,106.7,106.7,106.7,0.1,
1637355420000,104.82,104.82,104.82,104.82,0.4683,
1637388600000,105.69,105.6,105.69,105.6,5.72749296,
1637410620000,108.81,108.81,108.81,108.81,0.18380664,
1637425200000,104.79,106.62,106.62,104.79,1.43930597,
1637432700000,108.81,108.81,108.81,108.81,0.1834679,
1637442360000,108.0,108.0,108.0,108.0,141.35962196,
1637442420000,108.0,108.0,108.0,108.0,64.05232804,
1637462280000,108.5,108.5,108.5,108.5,0.45454587,
1637488620000,110.88,110.88,110.88,110.88,0.4182466,
1637509620000,110.32,110.32,110.32,110.32,3.441809,
1637525460000,111.13,111.13,111.13,111.13,1.02,
1637536920000,111.59,111.59,111.59,111.59,0.02,
1637539860000,110.64,109.03,110.64,109.03,0.45228768,
1637540700000,109.03,109.03,109.03,109.03,0.46211814,
1637541420000,109.75,109.75,109.75,109.75,0.45917123,
1637541660000,110.03,110.03,110.03,110.03,0.91821883,
1637543100000,112.33,112.33,112.33,112.33,0.45671644,
1637544420000,110.11,110.11,110.11,110.11,0.45775339,
1637572320000,109.62,109.62,109.62,109.62,0.02,
1637578320000,108.74,108.74,108.74,108.74,0.02,
1637578680000,107.47,107.47,107.47,107.47,0.079902,
1637584080000,109.74,109.74,109.74,109.74,0.03,
1637588160000,111.15,111.15,111.15,111.15,0.03,
1637602680000,109.1,107.44,109.1,107.44,0.2070120999999999,
1637607660000,107.74,107.74,107.74,107.74,0.02,
1637611200000,106.64,106.64,106.64,106.64,0.03,
1637620200000,106.9,106.9,106.9,106.9,0.03,
1637640420000,108.25,108.25,108.25,108.25,0.47748414,
1637654940000,106.31,104.32,106.31,104.32,0.27455023,
1637658300000,106.45,106.45,106.45,106.45,0.02,
1637663940000,107.84,107.84,107.84,107.84,2.80867392,
1637676000000,106.43,106.43,106.43,106.43,0.02,
1637684160000,107.5,107.5,107.5,107.5,0.02,
1637731080000,107.54,106.27,107.54,106.27,10.0,
1637748120000,104.62,104.62,104.62,104.62,7.99315053,
1637750700000,106.83,106.83,106.83,106.83,0.50152825,
1637753520000,108.14,108.14,108.14,108.14,0.02,
1637767380000,106.48,101.34,106.48,100.06,1.4734795200000002,
1637791440000,106.54,106.54,106.54,106.54,0.02,
1637831640000,106.17,106.17,106.17,106.17,0.02,
1637855460000,106.41,106.41,106.41,106.41,0.03,
1637881680000,107.54,107.54,107.54,107.54,0.02,
1637911980000,107.43,107.43,107.43,107.43,0.02,
1637912520000,103.86,103.86,103.86,103.86,1.52007717,
1637915640000,103.09,103.08,103.09,103.08,0.08092788,
1637916840000,100.68,100.68,100.68,100.68,0.02,
1637918100000,100.11,100.0,100.11,100.0,2.26340997,
1637926500000,93.352,92.223,93.352,92.223,2.46375428,
1637930280000,92.247,92.247,92.247,92.247,2.0,
1637930640000,93.081,93.081,93.081,93.081,0.2,
1637931480000,93.52,93.52,93.52,93.52,3.0,
1637942220000,93.529,93.529,93.529,93.529,0.03,
1638001620000,96.475,96.522,96.522,96.475,1.02570935,
1638009240000,96.522,96.522,96.522,96.522,0.07753453,
1638046620000,101.25,101.25,101.25,101.25,0.02,
1638093120000,100.07,100.07,100.07,100.07,0.02,
1638144720000,105.46,105.46,105.46,105.46,1.37867915,
1638243480000,103.79,103.79,103.79,103.79,0.02,
1638270420000,103.94,103.94,103.94,103.94,0.23487055,
1638284880000,105.15,105.15,105.15,105.15,0.47934594,
1638288900000,103.87,103.87,103.87,103.84,1.68485037,
1638290640000,103.84,103.84,103.84,103.84,0.03384086,
1638297240000,105.22,105.23,105.23,105.22,0.93984962,
1638298440000,105.23,105.23,105.23,105.23,0.26233361,
1638305100000,104.74,104.74,104.74,104.74,0.02,
1638345780000,105.64,105.64,105.64,105.64,1.12610463,
1638394860000,105.08,105.08,105.08,105.08,3.78207068,
1638398700000,104.92,104.92,104.92,104.92,2.813985,
1638399120000,105.48,105.48,105.48,105.48,3.0,
1638399540000,105.21,105.21,105.21,105.21,3.670605,
1638476940000,107.33,107.33,107.33,107.33,0.48320608,
1638498900000,105.85,105.85,105.85,105.85,0.51478926,
1638502560000,106.16,103.78,106.17,103.78,0.4879777899999999,
1638538320000,108.71,108.71,108.71,108.71,0.02,
1638540420000,108.95,108.95,108.95,108.95,0.23501465,
1638547740000,106.77,106.76,106.77,106.76,0.1954539599999999,
1638561480000,105.45,105.45,105.45,105.45,0.02,
1638576840000,105.43,105.43,105.43,105.43,1.18486383,
1638578220000,105.88,105.88,105.88,105.88,0.03,
1638588060000,103.6,103.6,103.6,103.6,5.0,
1638595620000,90.001,82.414,90.001,82.414,1.18052244,
1638597720000,120.74,126.52,126.52,120.74,6.0,
1638612540000,89.548,89.442,89.548,89.442,1.27460305,
1638612600000,91.176,91.357,91.357,90.206,65.66934149000001,
1638617460000,88.724,87.568,88.724,87.568,15.16337405,
1638628500000,88.623,88.241,88.623,88.198,19.84600937,
1638628560000,88.241,88.241,88.241,88.241,5.78509939,
1638633000000,89.351,89.351,89.351,89.351,0.02,
1638634080000,88.688,88.688,88.688,88.688,3.17874509,
1638636180000,88.77,88.77,88.77,88.77,0.02,
1638645720000,88.84,88.84,88.84,88.84,0.02,
1638648660000,91.036,95.941,97.525,91.036,1.17518049,
1638648720000,97.525,100.0,100.0,97.525,8.63942215,
1638651180000,94.522,94.522,94.522,94.522,0.52977203,
1638651600000,93.277,93.277,93.277,93.277,0.59067147,
1638651660000,93.277,93.277,93.277,93.277,0.58729659,
1638664500000,90.269,90.269,90.269,90.269,0.02,
1638670500000,92.907,92.907,92.907,92.907,0.02,
1638672480000,90.625,90.624,90.625,90.624,0.22668779,
1638679800000,91.572,91.572,91.572,91.572,3.846288,
1638679860000,91.846,91.846,91.846,91.846,3.63704302,
1638680040000,91.846,91.846,91.846,91.846,2.0,
1638682440000,91.819,91.82,91.82,91.819,0.2264814799999999,
1638682620000,93.454,93.454,93.454,93.454,2.020741,
1638703980000,93.719,93.719,93.719,93.719,0.02,
1638735900000,95.5,95.5,95.5,95.5,0.2976,
1638741240000,99.31,98.898,99.31,98.898,0.57042521,
1638743400000,99.749,99.749,99.749,99.749,0.02,
1638749520000,94.405,94.405,94.405,94.405,0.02,
1638763920000,94.608,94.608,94.608,94.608,0.02,
1638765600000,92.561,92.561,92.561,92.561,0.54436679,
1638775620000,90.058,90.058,90.058,90.058,5.68934257,
1638775740000,89.921,89.921,89.921,89.921,0.03,
1638776640000,88.807,88.684,88.807,88.684,2.016699,
1638777000000,88.899,88.899,88.899,88.899,7.6324203,
1638782820000,89.112,89.113,89.113,89.112,2.21632028,
1638783540000,88.058,88.058,88.058,88.058,0.03,
1638791100000,88.566,88.566,88.566,88.566,0.02,
1638796800000,89.795,89.795,89.795,89.795,12.57766,
1638798000000,89.92,89.92,89.92,89.92,2.80867392,
1638800280000,89.485,89.485,89.485,89.485,0.54703516,
1638803760000,89.293,89.293,89.293,89.293,0.02,
1638805560000,90.36,90.36,90.36,90.36,0.02,
1638806400000,90.714,90.714,90.714,90.714,0.02,
1638811020000,91.823,91.823,91.823,91.823,0.155,
1638819060000,92.214,92.214,92.214,92.214,0.54648813,
1638819480000,97.571,97.571,97.571,97.571,0.48657999,
1638820260000,93.822,93.822,93.822,93.822,1.06584809,
1638827340000,94.76,94.76,94.76,94.76,1.06478224,
1638827640000,97.912,97.912,97.912,97.912,0.51417049,
1638834300000,93.29,93.29,93.29,93.29,0.0431227,
1638852720000,92.553,92.553,92.553,92.553,0.1,
1638867600000,94.46,94.46,94.46,94.46,0.1,
1638876960000,97.253,97.253,97.253,97.253,0.1,
1638889200000,96.256,95.384,96.256,95.384,0.05728964,
1638890820000,95.308,95.308,95.308,95.308,0.0333064,
1638907740000,93.933,93.933,93.933,93.933,0.02,
1638970380000,94.867,94.867,94.867,94.867,0.51365633,
1638970560000,96.857,91.197,96.857,91.197,0.5551525399999999,
1638988260000,92.12,91.136,92.12,91.136,10.0,
1638995880000,94.0,94.0,94.0,94.0,0.2,
1639011540000,90.683,90.267,90.683,90.267,8.978448570000001,
1639040760000,88.0,88.0,88.0,88.0,1.0,
1639068720000,84.254,84.254,84.254,84.254,9.46562,
1639090200000,82.364,82.364,82.364,82.364,1.67824551,
1639143300000,84.112,84.112,84.112,84.112,0.25734179,
1639147560000,83.406,83.404,83.406,83.404,1.4235604000000002,
1639205280000,77.133,77.133,77.133,77.133,0.02002003,
1639206240000,77.714,77.714,77.714,77.714,6.432626,
1639207140000,77.714,77.714,77.714,77.714,5.0,
1639207200000,77.714,78.0,78.0,77.714,5.0,
1639228440000,77.0,77.0,77.0,77.0,10.0,
1639283940000,77.533,77.533,77.533,77.533,6.419761,
1639303020000,78.362,78.362,78.362,78.362,0.66649775,
1639336140000,79.124,79.124,79.124,79.124,3.02306036,
1639357500000,75.5,75.5,75.5,75.5,17.099999999999998,
1639378800000,71.832,71.832,71.832,71.832,2.11715236,
1639409280000,68.2,68.2,68.2,68.2,1.0,
1639412760000,65.501,65.501,65.501,65.501,0.73950315,
1639415880000,66.109,66.109,66.109,66.109,0.75242608,
1639421160000,65.414,65.414,65.414,65.414,0.30790218,
1639423500000,65.0,65.0,65.0,65.0,0.06340909,
1639427940000,64.082,62.2,64.082,62.2,3.28641837,
1639431840000,62.229,62.229,62.229,62.229,2.27517964,
1639434420000,62.905,62.905,62.905,62.905,2.0,
1639438500000,61.602,62.493,62.493,61.602,4.615456249999999,
1639462740000,61.205,61.205,61.205,61.205,1.0,
1639464060000,60.408,60.408,60.408,60.408,0.08720315,
1639469760000,62.4,62.4,62.4,62.4,0.1,
1639495920000,63.291,63.291,63.291,63.291,7.89353,
1639505100000,62.659,62.659,62.659,62.659,0.34563397,
1639517460000,63.5,63.945,63.945,63.5,0.32192162,
1639517820000,64.397,64.398,64.398,64.397,0.32106538,
1639529280000,64.974,64.974,64.974,64.974,7.420988,
1639529580000,64.687,65.0,65.0,64.687,39.699084,
1639557780000,64.929,64.928,64.929,64.928,2.80867392,
1639570380000,64.737,64.737,64.737,64.737,7.39882167,
1639571820000,64.048,64.048,64.048,64.048,0.30437225,
1639572720000,64.0,64.0,64.0,64.0,2.80867392,
1639582200000,61.055,61.055,61.055,61.055,0.49618049,
1639583220000,62.411,62.411,62.411,62.411,0.32664943,
1639600440000,67.0,67.151,67.151,67.0,0.30858655,
1639617180000,65.549,65.549,65.549,65.549,2.1956,
1639683480000,68.093,68.093,68.093,68.093,0.02,
1639684920000,67.16,67.159,67.16,67.159,0.461305,
1639698840000,67.362,67.362,67.362,67.362,0.1009895,
1639699500000,66.7,66.7,66.7,66.7,0.1,
1639700640000,67.127,67.127,67.127,67.127,0.29152903,
1639720800000,67.4,67.4,67.4,67.4,0.1,
1639723800000,66.13,66.13,66.13,66.13,8.07308184,
1639725240000,64.414,64.414,64.414,64.414,0.15,
1639738500000,64.255,64.255,64.255,64.255,0.02,
1639750560000,63.274,63.274,63.274,63.274,0.02,
1639751820000,62.574,62.574,62.574,62.574,0.02,
1639755300000,62.768,62.769,62.769,62.768,0.40350663,
1639756440000,64.005,64.005,64.005,64.005,0.03,
1639761600000,63.896,63.896,63.896,63.896,0.31544661,
1639761660000,63.896,63.896,63.896,63.896,0.94787358,
1639761720000,63.896,63.896,63.896,63.896,0.6323085900000001,
1639761780000,63.38,63.38,63.38,63.38,2.85302863,
1639761840000,63.38,63.38,63.38,63.38,8.83559488,
1639818360000,62.7,62.7,62.7,62.7,0.2,
1639880700000,67.539,67.541,67.541,67.539,14.69625699,
1639880940000,68.38,68.38,68.38,68.38,0.112,
1639881000000,68.656,68.656,68.656,68.656,0.27282511,
1639881420000,69.452,69.452,69.452,69.452,3.42721216,
1639881540000,69.823,69.823,69.823,69.823,0.27255329,
1639889280000,71.161,71.161,71.161,71.161,0.1,
1639894440000,72.301,72.4,72.4,72.301,1.5777726600000002,
1639913460000,70.715,70.715,70.715,70.715,11.23469568,
1639917420000,71.0,71.0,71.0,71.0,0.1,
1639922220000,71.616,71.616,71.616,71.616,16.75603,
1639927800000,71.882,71.882,71.882,71.882,0.50857764,
1639936380000,75.597,75.597,75.597,75.597,1.4594736,
1639936440000,79.747,79.747,79.747,79.747,1.49613863,
1639936500000,82.0,82.0,82.0,82.0,0.4,
1639936560000,83.907,85.14,85.14,83.907,8.94374418,
1639936680000,88.42,88.42,88.42,88.42,1.33883676,
1639936740000,93.451,93.451,93.451,93.451,0.22299195,
1639936800000,96.0,97.959,105.0,96.0,22.00922727,
1639936860000,96.951,101.32,101.32,96.951,15.91961498,
1639936920000,104.0,109.9,109.9,104.0,12.17544552,
1639936980000,106.84,110.42,112.23,106.84,14.07142077,
1639937040000,108.8,108.18,108.8,106.17,0.39327372,
1639937100000,108.22,97.855,108.22,97.855,29.48727574,
1639937700000,92.197,91.198,92.197,91.198,1.38238965,
1639937760000,89.595,91.273,91.273,89.595,12.09956044,
1639937880000,92.221,92.221,92.221,92.221,0.02002003,
1639937940000,92.72,92.64,92.72,92.64,5.786655489999999,
1639938000000,94.932,94.932,94.932,94.932,0.02000001,
1639938060000,97.472,97.472,97.472,97.472,3.01865544,
1639938420000,94.151,97.734,97.734,94.151,14.40388884,
1639939380000,103.85,103.85,103.85,103.85,2.80867392,
1639939440000,105.88,105.88,105.88,105.88,0.38961285,
1639939500000,102.74,102.74,102.74,102.74,0.19044661,
1639939560000,101.6,101.6,101.6,101.6,0.19632673,
1639939980000,99.349,99.349,99.349,99.349,6.65202827,
1639940520000,94.277,94.277,94.277,94.277,0.714009,
1639940580000,93.648,92.696,93.648,92.696,12.83161005,
1639940640000,93.123,93.384,93.384,93.123,2.58451688,
1639940700000,95.103,91.955,95.582,91.955,30.21438977,
1639940760000,92.16,92.16,92.16,92.16,0.36359043,
1639940820000,92.16,91.717,92.16,91.717,5.54225781,
1639940880000,92.323,92.323,92.323,92.323,0.65296812,
1639940940000,90.546,90.546,90.546,90.546,3.3132331,
1639941000000,90.546,92.829,92.829,90.546,1.5468391499999998,
1639941060000,89.941,90.293,90.293,89.941,11.76016963,
1639941120000,90.293,89.735,90.293,89.504,15.81814928,
1639941180000,89.735,89.669,89.735,89.184,5.14589393,
1639941360000,89.501,89.501,89.501,89.501,0.22663407,
1639941540000,87.929,87.728,87.929,87.728,0.23193349,
1639941660000,87.999,87.999,87.999,87.999,0.46482442,
1639941720000,87.43,87.43,87.43,87.43,0.46527858,
1639942200000,88.468,88.468,88.468,88.468,13.60079,
1639950840000,85.727,85.727,85.727,85.727,1.40780321,
1639962720000,85.572,85.572,85.572,85.572,3.00474352,
1639970220000,80.698,80.698,80.698,80.698,1.3964007,
1639973880000,78.771,78.771,78.771,78.771,0.23779159,
1639974540000,78.157,78.157,78.157,78.157,15.35371,
1639977420000,78.0,78.0,78.0,78.0,5.0,
1639978740000,76.412,76.412,76.412,76.412,1.37867718,
1639981320000,74.589,74.589,74.589,74.589,12.37282737,
1639982460000,73.126,73.126,73.126,73.126,5.81819235,
1639982520000,73.126,73.126,73.126,73.126,4.73111466,
1639983300000,74.022,74.022,74.022,74.022,5.7815012,
1639983720000,73.88,73.88,73.88,73.88,1.3985,
1639984140000,72.641,72.641,72.641,72.641,4.34396285,
1639986780000,73.587,73.587,73.587,73.587,0.03,
1639987620000,73.583,73.583,73.583,73.583,0.02,
1639989120000,72.827,72.0,72.827,72.0,17.18971074,
1639989300000,73.526,73.584,73.584,73.526,7.69463444,
1639989420000,72.666,72.666,72.666,72.666,3.62124562,
1639992360000,73.017,73.207,73.207,73.017,14.33397574,
1639993920000,74.152,76.955,76.955,74.152,4.28434604,
1639993980000,76.153,75.582,76.153,75.582,21.2753138,
1639995060000,75.468,75.468,75.468,75.468,0.02,
1639995120000,75.806,75.806,75.806,75.806,6.52145954,
1639995540000,73.532,73.532,73.532,73.532,0.03,
1639997340000,73.053,73.474,73.474,73.053,17.95667066,
1639999320000,72.264,72.264,72.264,72.264,5.1800898,
1640006460000,70.621,70.353,70.621,70.353,1.57161017,
1640006520000,70.292,70.292,70.292,70.292,2.71760497,
1640019660000,69.1,69.1,69.1,69.1,2.80867392,
1640023080000,68.662,68.662,68.662,68.662,1.345281,
1640023680000,70.219,70.219,70.219,70.219,6.53334058,
1640023860000,69.885,68.385,69.885,68.385,5.61221416,
1640025480000,70.192,70.192,70.192,70.192,1.34259,
1640027700000,71.238,71.238,71.238,71.238,1.06292844,
1640028000000,71.459,71.46,71.46,71.459,2.80867392,
1640028600000,73.015,73.015,73.015,73.015,4.889586,
1640029020000,73.485,73.485,73.485,73.485,0.28207246,
1640029560000,75.0,75.0,75.0,75.0,0.5,
1640030220000,74.0,74.0,74.0,74.0,3.83291604,
1640032320000,70.47,70.47,70.47,70.47,1.01889338,
1640032740000,72.143,72.143,72.143,72.143,4.12483759,
1640038680000,71.822,71.822,71.822,71.822,0.02,
1640039160000,71.791,71.791,71.791,71.791,0.03,
1640048940000,72.111,72.111,72.111,72.111,0.02,
1640053020000,72.402,72.443,72.443,72.402,0.0752,
1640061180000,72.871,72.871,72.871,72.871,0.02,
1640069040000,72.215,72.215,72.215,72.215,0.02,
1640100600000,71.383,71.383,71.383,71.383,0.02,
1640114460000,69.123,69.053,69.123,69.053,3.0190678,
1640114940000,68.499,68.499,68.499,68.499,4.879806,
1640120700000,69.352,69.352,69.352,69.352,0.625156,
1640128080000,71.483,71.483,71.483,71.483,0.23755415,
1640175900000,69.656,69.656,69.656,69.656,0.05,
1640185140000,68.857,68.691,68.857,68.691,0.6239049999999999,
1640190600000,70.089,70.089,70.089,70.089,0.06,
1640200860000,69.56,69.391,69.56,69.391,1.31277169,
1640225400000,70.112,70.112,70.112,70.112,0.04,
1640241960000,71.295,71.295,71.295,71.295,0.05,
1640280480000,75.893,75.893,75.893,75.893,0.0243008,
1640281440000,76.017,76.017,76.017,76.017,5.44951562,
1640282940000,77.949,77.949,77.949,77.949,12.8289,
1640285640000,77.974,77.974,77.974,77.974,0.561659,
1640296440000,77.3,77.3,77.3,77.3,0.2,
1640314680000,77.803,77.803,77.803,77.803,2.80867392,
1640325000000,76.384,76.384,76.384,76.384,10.4703341,
1640358240000,76.835,76.835,76.835,76.835,0.02,
1640362440000,77.0,77.0,77.0,77.0,0.49951696,
1640370060000,77.388,77.388,77.388,77.388,0.02,
1640385900000,76.045,76.045,76.045,76.045,0.02,
1640399100000,76.396,76.396,76.396,76.396,0.02,
1640418120000,75.944,75.944,75.944,75.944,0.1,
1640423100000,77.243,77.243,77.243,77.243,0.02,
1640426520000,76.849,76.849,76.849,76.849,0.02,
1640514660000,80.678,80.678,80.678,80.678,0.23217086,
1640547600000,80.447,80.447,80.447,80.447,2.044658,
1640578920000,79.204,79.192,79.204,79.192,15.230055060000002,
1640594700000,79.031,79.031,79.031,79.031,2.040568,
1640615640000,79.517,79.517,79.517,79.517,0.9992,
1640626860000,80.942,80.942,80.942,80.942,14.97764,
1640649900000,79.025,79.025,79.025,79.025,0.05,
1640656980000,76.375,76.375,76.375,76.375,0.15,
1640713980000,71.929,71.929,71.929,71.929,10.0,
1640769000000,71.666,71.666,71.666,71.666,0.02,
1640785860000,69.971,69.971,69.971,69.971,0.02,
1640786040000,70.969,70.969,70.969,70.969,0.02,
1640881260000,71.183,71.184,71.184,71.183,0.3311737,
1640906160000,73.212,73.212,73.212,73.212,0.02,
1640924820000,72.295,72.295,72.295,72.295,16.59865,
1640939520000,72.274,72.274,72.274,72.274,0.02,
1640948280000,71.881,71.881,71.881,71.881,0.02,
1640950260000,71.141,71.141,71.141,71.141,0.02,
1640971560000,70.615,70.615,70.615,70.615,0.02,
1640974920000,69.228,66.639,69.228,66.639,40.794198,
1640978460000,68.788,68.788,68.788,68.788,2.80867392,
1640999700000,70.4,70.4,70.4,70.4,0.1,
1641029520000,72.373,72.373,72.373,72.373,0.02,
1641044760000,72.142,72.142,72.142,72.142,0.02,
1641051120000,73.115,73.115,73.115,73.115,0.02,
1641078060000,74.347,74.347,74.347,74.347,0.02,
1641142440000,74.936,74.936,74.936,74.936,0.02,
1641143820000,74.508,74.508,74.508,74.508,0.02,
1641206880000,74.02,74.02,74.02,74.02,0.02,
1641240480000,71.859,71.859,71.859,71.859,0.02,
1641246660000,71.334,71.334,71.334,71.334,0.26258279,
1641258300000,70.614,70.397,70.614,70.397,0.1,
1641267960000,70.237,70.237,70.237,70.237,0.02,
1641297480000,70.0,70.0,70.0,70.0,0.1,
1641340980000,70.003,70.428,70.428,70.003,28.08934896,
1641344580000,70.06,70.06,70.06,70.06,0.1,
1641422340000,64.86,64.86,64.86,64.86,15.15281416,
1641444120000,63.966,63.966,63.966,63.966,18.75996,
1641445020000,64.653,64.653,64.653,64.653,0.02,
1641487980000,62.387,62.387,62.387,62.387,9.64588077,
1641525780000,62.664,62.664,62.664,62.664,0.02,
1641559080000,61.856,61.856,61.856,61.856,0.02,
1641570120000,60.258,60.258,60.258,60.258,10.11581668,
1641570240000,60.258,60.258,60.258,60.258,3.59571243,
1641572400000,59.325,59.325,59.325,59.325,0.02,
1641572760000,59.753,59.753,59.753,59.753,0.02,
1641581340000,59.459,59.459,59.459,59.459,0.02,
1641628800000,59.767,59.767,59.767,59.767,0.03,
1641654840000,58.788,58.788,58.788,58.788,0.02,
1641664080000,55.836,55.702,55.836,55.702,2.60969384,
1641668340000,54.543,54.42,54.543,54.42,2.19447442,
1641674220000,55.8,55.8,55.8,55.8,6.53375357,
1641674280000,55.8,55.8,55.8,55.8,94.46624643,
1641674340000,55.794,55.8,55.8,55.794,12.89255002,
1641674400000,55.8,55.8,55.8,55.8,16.16273535,
1641674460000,55.8,55.8,55.8,55.8,6.59643413,
1641674580000,55.8,55.8,55.8,55.8,4.06095744,
1641674640000,55.8,55.8,55.8,55.8,5.24206656,
1641674760000,55.8,55.8,55.8,55.8,6.03792874,
1641674940000,55.8,55.8,55.8,55.8,6.40614289,
1641675000000,55.8,55.8,55.8,55.8,13.85144391,
1641675060000,55.8,55.8,55.8,55.8,13.65617462,
1641675120000,55.8,55.8,55.8,55.8,9.73859541,
1641675180000,55.8,55.8,55.8,55.8,5.35497093,
1641678240000,56.581,56.581,56.581,56.581,0.02,
1641680340000,57.1,57.1,57.1,57.1,0.03,
1641681360000,57.654,57.654,57.654,57.654,0.91231559,
1641682200000,57.643,57.643,57.643,57.643,1.05058726,
1641690120000,56.89,56.89,56.89,56.89,0.1283,
1641690240000,56.885,56.885,56.885,56.885,0.105,
1641692040000,56.758,56.758,56.758,56.758,0.74985425,
1641694320000,57.482,57.482,57.482,57.482,0.0627,
1641697260000,58.884,58.884,58.884,58.884,0.103,
1641699480000,57.465,57.482,57.482,57.465,1.3747,
1641726120000,59.185,59.185,59.185,59.185,0.0669,
1641729420000,57.77,57.77,57.77,57.77,0.04002003,
1641730560000,57.604,57.604,57.604,57.604,2.80867392,
1641738840000,57.449,57.274,57.449,57.274,14.01760761,
1641739680000,57.227,57.227,57.227,57.227,1.74532253,
1641748680000,56.4,56.4,56.4,56.4,1.4416,
1641756600000,57.05,57.05,57.05,57.05,2.4055,
1641767160000,56.176,56.176,56.176,56.176,2.390451,
1641773940000,56.679,56.679,56.679,56.679,0.02,
1641812640000,54.958,54.958,54.958,54.958,0.02,
1641819060000,53.921,53.921,53.921,53.921,20.33688607,
1641824400000,53.6,53.6,53.6,53.6,0.611,
1641840900000,53.595,53.595,53.595,53.595,0.02,
1641848280000,53.332,53.332,53.332,53.332,0.02,
1641864600000,54.2,54.2,54.2,54.2,0.109778,
1641909300000,55.221,55.221,55.221,55.221,0.9313633,
1641925860000,56.503,56.503,56.503,56.503,21.3351,
1641965700000,57.531,57.531,57.531,57.531,0.560289,
1641979440000,58.023,58.023,58.023,58.023,1.74357721,
1641995040000,60.04,60.04,60.04,60.04,0.2,
1642023420000,62.3,62.3,62.3,62.3,0.1,
1642062360000,60.912,60.912,60.912,60.912,0.299999,
1642087140000,60.199,60.075,60.199,60.075,7.232606,
1642167840000,58.715,58.715,58.715,58.715,3.64838592,
1642180020000,62.474,62.7,62.7,62.474,1.02922988,
1642180500000,65.063,65.063,65.063,65.063,0.26232069,
1642180620000,65.37,65.37,65.37,65.37,0.1,
1642180740000,70.0,72.0,72.0,70.0,2.63473667,
1642180800000,73.585,73.585,73.585,73.585,6.33864387,
1642180860000,76.211,79.972,80.681,76.211,27.55100351,
1642180980000,83.257,83.197,83.257,83.197,15.18345322,
1642181100000,84.086,84.898,84.898,84.086,7.56757693,
1642181160000,89.696,89.696,89.696,89.696,13.37852,
1642181340000,84.874,84.874,84.874,84.874,14.1386,
1642181400000,82.597,79.353,82.597,79.353,27.3316122,
1642181880000,75.645,75.645,75.645,75.645,5.72298465,
1642182120000,74.83,76.947,76.947,74.83,5.92873737,
1642183560000,76.55,76.55,76.55,76.55,0.2446908,
1642183740000,77.882,77.882,77.882,77.882,0.24444629,
1642183800000,79.064,79.064,79.064,79.064,0.02,
1642183860000,80.594,80.594,80.594,80.594,13.26730833,
1642187520000,76.304,76.304,76.304,76.304,1.7687,
1642191900000,74.48,74.48,74.48,74.48,0.0267,
1642195560000,73.292,73.292,73.292,73.292,1.7954,
1642196160000,74.82,74.953,74.953,74.82,32.40446,
1642198860000,75.294,75.294,75.294,75.294,0.24877256,
1642199760000,74.502,74.502,74.502,74.502,1.5841,
1642201440000,76.681,76.681,76.681,76.681,0.24852375,
1642201680000,75.522,75.221,75.522,75.221,7.23297651,
1642201740000,75.723,75.723,75.723,75.723,0.659,
1642208280000,76.413,76.413,76.413,76.413,15.72754,
1642208340000,76.066,76.066,76.066,76.066,1.5841,
1642210560000,75.39,75.39,75.39,75.39,3.1026,
1642210740000,74.107,74.107,74.107,74.107,3.15999148,
1642216440000,75.197,75.197,75.197,75.197,3.1026,
1642219320000,76.894,76.894,76.894,76.894,0.10302251,
1642220340000,75.315,75.315,75.315,75.315,1.7288,
1642221780000,75.2,75.653,75.653,75.2,17.66649,
1642222020000,76.591,76.591,76.591,76.591,10.12843325,
1642236540000,74.817,74.817,74.817,74.817,0.6528,
1642240140000,74.413,74.413,74.413,74.413,0.6528,
1642241760000,74.341,74.341,74.341,74.341,0.66656,
1642246320000,72.226,72.226,72.226,72.226,16.61451,
1642250520000,70.466,70.303,70.466,70.303,1.01995788,
1642250700000,69.895,69.894,69.895,69.894,9.69498841,
1642260060000,69.29,69.29,69.29,69.29,2.0,
1642260540000,69.222,69.222,69.222,69.222,0.04308,
1642267620000,69.537,69.538,69.538,69.537,16.98245095,
1642267680000,69.538,69.538,69.538,69.538,0.84280743,
1642422660000,65.721,65.721,65.721,65.721,0.02,
1642428300000,65.229,65.229,65.229,65.229,0.2485,
1642437960000,64.654,64.655,64.655,64.654,4.0326755,
1642456560000,66.999,66.999,66.999,66.999,3.04285083,
1642458120000,67.567,67.567,67.567,67.567,17.84283,
1642458360000,67.821,67.821,67.821,67.821,0.27618409,
1642465200000,68.957,68.957,68.957,68.957,0.02,
1642465740000,69.016,69.016,69.016,69.016,0.05505969,
1642468200000,69.016,69.016,69.016,69.016,14.51467216,
1642468620000,68.379,68.379,68.379,68.379,0.09185742,
1642471080000,68.007,67.923,68.007,67.923,5.84002559,
1642471800000,67.923,67.923,67.923,67.923,9.54368382,
1642471860000,67.923,67.923,67.923,67.923,2.30335059,
1642507740000,64.252,64.252,64.252,64.252,0.061774,
1642534740000,64.283,64.283,64.283,64.283,0.186256,
1642538700000,65.292,65.292,65.292,65.292,0.3,
1642541400000,65.429,65.429,65.429,65.429,0.02,
1642550820000,67.2,67.2,67.2,67.2,0.1,
1642552140000,66.258,66.258,66.258,66.258,0.05494957,
1642582500000,65.239,65.239,65.239,65.239,0.3,
1642588380000,67.229,67.229,67.229,67.229,0.02,
1642590000000,67.732,67.732,67.732,67.732,0.02,
1642616940000,67.647,67.647,67.647,67.647,0.02,
1642630200000,67.956,70.888,70.888,67.956,41.31065573,
1642638480000,69.413,69.413,69.413,69.413,0.15025401,
1642638540000,69.433,69.433,69.433,69.433,1.44931084,
1642687020000,68.205,68.205,68.205,68.205,0.02,
1642696200000,69.892,69.892,69.892,69.892,0.24926114,
1642696260000,69.955,69.955,69.955,69.955,0.09356763,
1642701600000,67.98,67.98,67.98,67.98,0.02,
1642709100000,69.395,69.395,69.395,69.395,0.02,
1642715760000,69.172,69.172,69.172,69.172,0.02,
1642715880000,68.199,68.199,68.199,68.199,17.59556,
1642715940000,66.344,64.836,66.344,64.836,41.228034,
1642720080000,66.847,66.847,66.847,66.847,0.02,
1642723320000,66.126,66.126,66.126,66.126,0.03,
1642724880000,65.356,65.356,65.356,65.356,0.1499535,
1642724940000,65.61,65.61,65.61,65.61,1.44641221,
1642726140000,66.552,66.552,66.552,66.552,0.02,
1642727340000,66.187,66.187,66.187,66.187,0.02,
1642752240000,61.815,61.815,61.815,61.815,1.16871276,
1642769760000,57.157,56.36,57.157,56.0,88.00785161,
1642771800000,58.531,58.531,58.531,58.531,0.02,
1642800840000,55.303,55.301,55.303,55.301,1.92139919,
1642801800000,54.417,54.417,54.417,54.417,0.02684235,
1642804980000,53.873,53.663,53.873,53.663,11.24269467,
1642805280000,53.663,53.663,53.663,53.663,2.2485896,
1642829340000,52.281,52.281,52.281,52.281,2.0,
1642831200000,51.376,51.376,51.376,51.376,1.0,
1642832640000,51.694,51.797,51.797,51.694,9.6723,
1642833000000,52.112,52.112,52.112,52.112,1.00923378,
1642833060000,51.59,51.59,51.59,51.59,0.02,
1642837260000,50.863,50.863,50.863,50.863,0.46933,
1642855500000,52.359,52.359,52.359,52.359,0.03,
1642874580000,52.299,52.248,52.299,52.248,1.02,
1642896180000,56.122,56.122,56.122,56.122,22.01036,
1642897680000,55.027,55.027,55.027,55.027,0.10258731,
1643014440000,54.363,54.363,54.363,54.363,0.119,
1643017140000,54.103,54.103,54.103,54.103,0.924151,
1643028540000,51.531,51.577,51.577,50.556,31.01031326,
1643029080000,51.322,51.322,51.322,51.322,14.17736891,
1643057580000,55.727,55.727,55.727,55.727,0.922302,
1643129400000,55.616,55.616,55.616,55.616,0.02,
1643148420000,54.374,54.374,54.374,54.374,0.03,
1643162160000,55.365,55.365,55.365,55.365,0.02,
1643170980000,56.379,56.377,56.379,56.377,27.33391666,
1643172120000,55.102,55.102,55.102,55.102,0.02,
1643174640000,56.23,56.227,56.23,56.227,20.35420642,
1643186520000,57.081,57.081,57.081,57.081,1.79,
1643190600000,55.198,55.198,55.198,55.198,0.02,
1643204760000,55.561,55.562,55.562,55.561,19.57183952,
1643205120000,55.902,55.902,55.902,55.902,0.02,
1643205300000,55.758,55.758,55.758,55.758,2.95587618,
1643205360000,55.758,56.109,56.109,55.758,9.71563027,
1643206740000,57.543,57.543,57.543,57.543,3.18597159,
1643213460000,63.435,63.435,63.435,63.435,15.1336,
1643241780000,63.728,64.362,64.362,63.728,3.29690984,
1643241840000,66.711,67.0,67.0,66.711,2.96878839,
1643242440000,71.381,69.032,71.381,69.032,19.60155753,
1643242500000,65.013,62.901,65.013,62.901,1.86459199,
1643242920000,65.643,63.722,65.643,63.722,5.56348678,
1643256600000,59.945,59.946,59.946,59.945,10.12244188,
1643257800000,59.946,59.946,59.946,59.946,2.80867392,
1643294040000,55.66,55.66,55.66,55.66,0.031232,
1643303520000,60.932,60.932,60.932,60.932,1.66119379,
1643315820000,59.208,59.208,59.208,59.208,14.4426335,
1643386260000,59.368,59.352,59.368,59.352,23.2817505,
1643387400000,58.612,58.612,58.612,58.612,0.02540437,
1643396280000,60.638,60.638,60.638,60.638,4.93218,
1643414700000,60.276,60.276,60.276,60.276,2.80867392,
1643422860000,60.7,60.7,60.7,60.7,0.36429888,
1643455200000,62.113,62.115,62.115,62.113,4.58098426,
1643510700000,61.819,61.819,61.819,61.819,0.0599426,
1643517300000,62.832,62.832,62.832,62.832,15.38679001,
1643561580000,62.79,62.853,62.853,62.79,16.94162955,
1643562060000,61.164,61.164,61.164,61.164,2.80867392,
1643586840000,60.28,60.28,60.28,60.28,0.939213,
1643648460000,80.679,80.679,80.679,80.679,0.18211,
1643676000000,62.718,62.718,62.718,62.718,15.19275,
1643762340000,63.1,63.1,63.1,63.1,1.0,
1643809020000,63.762,63.762,63.762,63.762,0.18174578,
1643922480000,61.875,61.875,61.875,61.875,8.4915,
1644067980000,67.969,66.094,67.969,66.094,0.2,
1644105900000,69.197,69.197,69.197,69.197,0.0999,
1644172020000,65.309,65.309,65.309,65.309,5.579992000000001,
1644178500000,65.331,65.331,65.331,65.331,0.998,
1644231900000,67.51,67.51,67.51,67.51,5.980035,
1644247140000,70.981,71.46,71.46,70.981,6.9674700000000005,
1644306600000,70.948,70.948,70.948,70.948,0.02,
1644311280000,69.531,69.531,69.531,69.531,0.02,
1644313680000,69.711,69.711,69.711,69.711,0.5699096100000001,
1644322980000,68.385,68.385,68.385,68.385,0.02,
1644335520000,68.357,68.357,68.357,68.357,0.02,
1644338940000,67.022,67.022,67.022,67.022,0.02,
1644363840000,65.007,65.007,65.007,65.007,3.83388974,
1644363900000,65.007,65.007,65.007,65.007,1.91636533,
1644424200000,68.429,68.429,68.429,68.429,0.02,
1644602220000,71.408,71.408,71.408,71.408,2.08908852,
1644729840000,66.232,66.059,66.232,66.059,1.93392102,
1644769800000,63.483,63.483,63.483,63.483,0.02756104,
1644775620000,62.79,62.79,62.79,62.79,0.8784574,
1644787380000,63.186,63.186,63.186,63.186,0.03,
1644803220000,64.814,64.814,64.814,64.814,0.02,
1644849060000,65.065,65.065,65.065,65.065,0.02,
1644879000000,68.409,68.409,68.409,68.409,0.02,
1644883080000,69.239,69.239,69.239,69.239,0.02,
1644887340000,69.135,69.135,69.135,69.135,0.02,
1644888960000,69.734,69.734,69.734,69.734,0.02,
1644906060000,69.653,69.653,69.653,69.653,0.02,
1644913800000,68.59,68.59,68.59,68.59,0.02,
1644968340000,68.985,68.985,68.985,68.985,0.02,
1644985560000,68.154,68.154,68.154,68.154,0.02,
1644997080000,68.426,68.426,68.426,68.426,0.02,
1644997800000,66.95,66.95,66.95,66.95,1.010695,
1645019400000,66.865,66.865,66.865,66.865,0.02,
1645032360000,67.11,67.11,67.11,67.11,0.02,
1645038960000,67.83,67.83,67.83,67.83,0.02,
1645055940000,67.748,67.748,67.748,67.748,0.02,
1645060800000,68.209,68.209,68.209,68.209,0.03,
1645068900000,68.197,68.197,68.197,68.197,0.02,
1645083180000,67.097,67.097,67.097,67.097,0.02,
1645087200000,66.222,66.222,66.222,66.222,0.02,
1645105080000,66.213,66.213,66.213,66.213,0.02,
1645212540000,58.324,58.324,58.324,58.324,0.02,
1645224240000,56.328,56.328,56.328,56.328,1.45746862,
1645286760000,58.516,58.516,58.516,58.516,0.02,
1645335420000,60.0,60.0,60.0,60.0,0.211,
1645347480000,58.29,58.29,58.29,58.29,2.04857496,
1645439640000,58.186,58.0,58.186,58.0,1.38317372,
1645440480000,56.416,56.416,56.416,56.416,0.02,
1645469340000,53.78,53.78,53.78,53.78,0.02,
1645479720000,53.118,53.118,53.118,53.118,0.02,
1645504500000,50.395,50.395,50.395,50.395,0.210789,
1645521120000,51.387,51.387,51.387,51.387,0.02,
1645526460000,52.181,52.181,52.181,52.181,0.02,
1645532100000,53.061,53.061,53.061,53.061,0.02,
1645645980000,54.499,54.499,54.499,54.499,2.994,
1645687020000,47.737,47.614,47.737,47.614,2.31376753,
1645694520000,48.906,48.906,48.906,48.906,0.0205,
1645696920000,47.619,47.619,47.619,47.619,0.02,
1645698180000,47.026,47.026,47.026,47.026,0.02,
1645703100000,47.075,47.075,47.075,47.075,0.02,
1645703340000,47.744,47.748,47.748,47.744,0.020943,
1645715700000,47.237,47.237,47.237,47.237,0.02,
1645770360000,52.45,52.45,52.45,52.45,0.02,
1645776840000,52.461,52.461,52.461,52.461,0.02,
1645790460000,53.956,53.956,53.956,53.956,0.02,
1645815420000,53.944,53.944,53.944,53.944,0.03,
1645822320000,55.022,55.022,55.022,55.022,0.02,
1645892040000,58.032,58.032,58.032,58.032,0.02,
1645909140000,57.791,57.791,57.791,57.791,0.053821,
1645914300000,57.906,57.906,57.906,57.906,0.02,
1645918200000,57.538,57.538,57.538,57.538,0.02,
1645924020000,56.667,56.667,56.667,56.667,0.02,
