time,open,close,high,low,volume
1682761560000,0.080846,0.080846,0.080846,0.080846,38.64698553
1682761860000,0.080802,0.080802,0.080802,0.080802,30.94515599
1682762280000,0.080853,0.080853,0.080853,0.080853,0.575
1682763180000,0.080978,0.080978,0.080978,0.080978,42.08174254
1682763540000,0.080851,0.080851,0.080851,0.080851,32.72093324
1682763780000,0.080777,0.080777,0.080777,0.080777,1305.72082576
1682764800000,0.080972,0.080972,0.080972,0.080972,44.43342216
1682766060000,0.080839,0.080838,0.080839,0.080838,9541.0
1682766720000,0.08087,0.08089,0.08089,0.08087,40000.0
1682768580000,0.081037,0.081037,0.081037,0.081037,48.68073349
1682769660000,0.081141,0.081141,0.081141,0.081141,31.09576779
1682769780000,0.081029,0.080997,0.081029,0.080997,17137.61566276
1682770200000,0.080957,0.080957,0.080957,0.080957,1200.0
1682772360000,0.081016,0.081016,0.081016,0.081016,307.0
1682772780000,0.080994,0.080994,0.080994,0.080994,1861.7616
1682774520000,0.08128,0.081301,0.081301,0.08128,6187.43331195
1682776080000,0.081133,0.081133,0.081133,0.081133,44.79289263
1682777460000,0.081259,0.081259,0.081259,0.081259,51.96768144
1682778660000,0.08124,0.08125,0.08125,0.08124,20000.0
1682778780000,0.081297,0.081298,0.081298,0.081297,9541.0
1682778840000,0.081369,0.081369,0.081369,0.081369,12291.0
1682778900000,0.08135,0.08135,0.08135,0.08135,98.586355
1682779920000,0.081222,0.081222,0.081222,0.081222,11015.5239
1682781360000,0.081161,0.081161,0.081161,0.081161,35.47268694
1682782320000,0.081218,0.081218,0.081218,0.081218,34.70626698
1682783400000,0.081001,0.081001,0.081001,0.081001,4944.071274
1682784780000,0.081078,0.081078,0.081078,0.081078,6541.0
1682785140000,0.081026,0.081026,0.081026,0.081026,893.815
1682786400000,0.081219,0.081219,0.081219,0.081219,33.76956142
1682786940000,0.081699,0.081699,0.081699,0.081699,7408.0
1682787000000,0.081792,0.081792,0.081792,0.081792,5491.0
1682787240000,0.081802,0.081802,0.081802,0.081802,9541.0
1682787420000,0.081671,0.081671,0.081671,0.081671,6122.0
1682787540000,0.081607,0.081607,0.081607,0.081607,4905.737036
1682788260000,0.081465,0.081465,0.081465,0.081465,34.08841742
1682789460000,0.080616,0.080542,0.080616,0.080542,24376.0
1682789520000,0.080977,0.080977,0.080977,0.080977,6541.0
1682789580000,0.081033,0.081033,0.081033,0.081033,9541.0
1682789700000,0.081057,0.081057,0.081057,0.081057,6541.0
1682789760000,0.081052,0.081052,0.081052,0.081052,6541.0
1682789820000,0.080971,0.080971,0.080971,0.080971,6541.0
1682789880000,0.081018,0.081018,0.081018,0.081018,5546.0
1682789940000,0.080992,0.080992,0.080992,0.080992,6541.0
1682790300000,0.081123,0.081123,0.081123,0.081123,9541.0
1682791200000,0.081109,0.081109,0.081109,0.081109,5544.0
1682791260000,0.0812,0.0812,0.0812,0.0812,6541.0
1682791320000,0.081341,0.081421,0.081421,0.081341,21225.4582
1682791560000,0.081473,0.081473,0.081473,0.081473,5521.0
1682792460000,0.081762,0.081762,0.081762,0.081762,42.08431791
1682793600000,0.081563,0.081563,0.081563,0.081563,3000.0
1682794500000,0.081456,0.081456,0.081456,0.081456,46.29292015
1682794860000,0.081324,0.081324,0.081324,0.081324,51.59390393
1682795340000,0.081383,0.081392,0.081392,0.081383,8129.69338429
1682796180000,0.08157,0.08157,0.08157,0.08157,40.06551585
1682796360000,0.081603,0.081603,0.081603,0.081603,5510.0
1682796540000,0.081555,0.081555,0.081555,0.081555,43.05263874
1682796780000,0.081581,0.081599,0.081599,0.081581,13082.0
1682797740000,0.081773,0.081759,0.081773,0.081759,11435.541723
1682798280000,0.081618,0.081636,0.081636,0.081618,21834.0
1682798700000,0.08157,0.081539,0.08157,0.081539,47324.15703179
1682799240000,0.081548,0.081548,0.081548,0.081548,420.0
1682800320000,0.081702,0.081702,0.081702,0.081702,36.50843417
1682800500000,0.081693,0.081854,0.081854,0.081693,51450.45721642
1682800680000,0.081807,0.081807,0.081807,0.081807,31.98681585
1682800800000,0.081707,0.081707,0.081707,0.081707,5000.0
1682801340000,0.081674,0.081647,0.081674,0.081647,11017.395527
1682801940000,0.081501,0.081501,0.081501,0.081501,9541.0
1682802960000,0.081627,0.081627,0.081627,0.081627,300.0
1682804040000,0.081757,0.081672,0.081757,0.081672,6159.17241986
1682804760000,0.08176,0.08162,0.08176,0.08162,17123.0
1682806560000,0.081538,0.081538,0.081538,0.081538,34.0397846
1682807700000,0.081434,0.081434,0.081434,0.081434,26.10419672
1682808060000,0.081414,0.081414,0.081414,0.081414,37.79374035
1682809140000,0.081376,0.081376,0.081376,0.081376,4915.0
1682809200000,0.081376,0.081376,0.081376,0.081376,0.071621
1682809500000,0.081256,0.081256,0.081256,0.081256,6541.0
1682809620000,0.081262,0.081262,0.081262,0.081262,6541.0
1682809920000,0.081311,0.081311,0.081311,0.081311,6541.0
1682811540000,0.081448,0.081448,0.081448,0.081448,50.46608997
1682812560000,0.081626,0.081626,0.081626,0.081626,40.47309857
1682813520000,0.08146,0.08146,0.08146,0.08146,39.48403373
1682814540000,0.081256,0.081256,0.081256,0.081256,33.13598907
1682814900000,0.081028,0.080955,0.081028,0.080955,86170.0
1682816160000,0.080928,0.080928,0.080928,0.080928,6541.0
1682816400000,0.0809,0.0809,0.0809,0.0809,4942.167231
1682817600000,0.081034,0.081034,0.081034,0.081034,38.02200828
1682817900000,0.08094,0.080927,0.08094,0.080927,5079.764342
1682817960000,0.080851,0.080851,0.080851,0.080851,43.5594808
1682819220000,0.08077,0.08077,0.08077,0.08077,9541.0
1682819700000,0.080777,0.080777,0.080777,0.080777,4955.0
1682820720000,0.080907,0.080907,0.080907,0.080907,27.291
1682821080000,0.080876,0.080876,0.080876,0.080876,29.64519974
1682821800000,0.081022,0.081022,0.081022,0.081022,4941.455644
1682822640000,0.081061,0.081061,0.081061,0.081061,4939.09303
1682823540000,0.081156,0.081156,0.081156,0.081156,30.21546981
1682824620000,0.081026,0.081026,0.081026,0.081026,4934.824792
1682827440000,0.081104,0.081104,0.081104,0.081104,34.87123253
1682827800000,0.081176,0.081176,0.081176,0.081176,49.52273439
1682828820000,0.081106,0.081106,0.081106,0.081106,40.86365767
1682830080000,0.08123,0.081256,0.081256,0.08123,15541.2648
1682831820000,0.081385,0.081385,0.081385,0.081385,39.70390616
1682834220000,0.081462,0.081462,0.081462,0.081462,37.10129095
1682834520000,0.081581,0.081581,0.081581,0.081581,28.76090148
1682835900000,0.081483,0.081483,0.081483,0.081483,36.92252148
1682837640000,0.081351,0.081351,0.081351,0.081351,43.54774734
1682839620000,0.081295,0.081294,0.081295,0.081294,4273.48831877
1682840820000,0.081257,0.081257,0.081257,0.081257,5328.4139797200005
1682841420000,0.081155,0.081153,0.081155,0.081153,16698.0
1682841660000,0.081153,0.081153,0.081153,0.081153,1000.0
1682842980000,0.081233,0.081233,0.081233,0.081233,46.51129928
1682843100000,0.081361,0.081361,0.081361,0.081361,2604.7702
1682843340000,0.08138,0.08138,0.08138,0.08138,6541.0
1682843580000,0.081354,0.081354,0.081354,0.081354,4296.84952215
1682844480000,0.081321,0.081321,0.081321,0.081321,6541.0
1682844540000,0.081236,0.081236,0.081236,0.081236,4922.294
1682844660000,0.0812,0.0812,0.0812,0.0812,4295.27641662
1682845800000,0.081314,0.081314,0.081314,0.081314,32.02513074
1682846220000,0.081177,0.081177,0.081177,0.081177,4304.73840901
1682846340000,0.081083,0.081083,0.081083,0.081083,24658.598547
1682846940000,0.081124,0.081124,0.081124,0.081124,2517.308902
1682847360000,0.081181,0.081181,0.081181,0.081181,268.10211076
1682849160000,0.081327,0.081327,0.081327,0.081327,9512.786515
1682850300000,0.081229,0.081229,0.081229,0.081229,51.87002418
1682851260000,0.081094,0.081094,0.081094,0.081094,37.16505601
1682851320000,0.081029,0.081029,0.081029,0.081029,6167.0
1682851800000,0.080886,0.080886,0.080886,0.080886,6541.0
1682853060000,0.080863,0.080863,0.080863,0.080863,100.0
1682853180000,0.080815,0.080815,0.080815,0.080815,5367.79265335
1682853300000,0.080816,0.080789,0.080816,0.080789,9659.51472925
1682853660000,0.080865,0.080865,0.080865,0.080865,1447.30291053
1682853720000,0.080887,0.080887,0.080887,0.080887,3226.28296917
1682856120000,0.080835,0.080835,0.080835,0.080835,374.686286
1682858220000,0.080799,0.080799,0.080799,0.080799,6541.0
1682859120000,0.080848,0.080848,0.080848,0.080848,5390.73264733
1682862480000,0.080922,0.080922,0.080922,0.080922,27.23440655
1682863200000,0.080996,0.080979,0.080996,0.080979,9709.00330024
1682863500000,0.080957,0.080957,0.080957,0.080957,1273.49893431
1682864400000,0.080814,0.080814,0.080814,0.080814,42.2148
1682865540000,0.080886,0.080959,0.080959,0.080886,20082.0
1682865600000,0.081095,0.081095,0.081095,0.081095,6541.0
1682866620000,0.081106,0.081106,0.081106,0.081106,1000.0
1682866860000,0.081241,0.081438,0.081438,0.081241,5126.971664
1682867460000,0.081323,0.081323,0.081323,0.081323,42.9792994
1682867760000,0.081453,0.081453,0.081453,0.081453,6541.0
1682867880000,0.081597,0.081597,0.081597,0.081597,6392.010827
1682868180000,0.081542,0.081542,0.081542,0.081542,9541.0
1682868360000,0.081574,0.081574,0.081574,0.081574,6541.0
1682869020000,0.081562,0.081562,0.081562,0.081562,4905.963387
1682869260000,0.081596,0.081596,0.081596,0.081596,4907.305161
1682869560000,0.081477,0.081477,0.081477,0.081477,6541.0
1682869620000,0.081409,0.081409,0.081409,0.081409,4913.547144
1682869680000,0.081292,0.081292,0.081292,0.081292,4920.366932
1682869740000,0.081057,0.081057,0.081057,0.081057,6432.820673
1682869800000,0.081072,0.081042,0.081072,0.081042,13082.0
1682869860000,0.081104,0.081104,0.081104,0.081104,4934.642098
1682869980000,0.081247,0.081247,0.081247,0.081247,4926.173583
1682870160000,0.081292,0.081292,0.081292,0.081292,4923.491201000001
1682870340000,0.081196,0.081196,0.081196,0.081196,2126.13381518
1682870580000,0.081458,0.081458,0.081458,0.081458,4916.523013
1682870640000,0.081497,0.081497,0.081497,0.081497,6132.0
1682871240000,0.081289,0.081288,0.081289,0.081288,3221.11437644
1682872020000,0.081178,0.081178,0.081178,0.081178,6156.0
1682872380000,0.081135,0.081152,0.081152,0.081135,4091.39421243
1682872440000,0.08117,0.08117,0.08117,0.08117,3230.4940766
1682873400000,0.081318,0.081318,0.081318,0.081318,32.98175632
1682874300000,0.081233,0.081086,0.081233,0.081086,28922.819308
1682874360000,0.081056,0.081056,0.081056,0.081056,9541.0
1682875440000,0.081246,0.081246,0.081246,0.081246,38.53346396
1682876700000,0.081156,0.081156,0.081156,0.081156,40.13690969
1682877060000,0.080998,0.080998,0.080998,0.080998,28.01689305
1682877660000,0.080896,0.080896,0.080896,0.080896,6540.99866562
1682877720000,0.080834,0.080834,0.080834,0.080834,6181.1548987
1682878200000,0.08092,0.08092,0.08092,0.08092,6540.99866563
1682878680000,0.081072,0.081072,0.081072,0.081072,2154.96602545
1682879820000,0.080907,0.080907,0.080907,0.080907,33.97922213
1682880300000,0.080881,0.080881,0.080881,0.080881,13454.91101081
1682880780000,0.081006,0.081026,0.081033,0.081006,46470.0
1682881560000,0.080917,0.080917,0.080917,0.080917,27.23388927
1682881680000,0.080805,0.080706,0.080805,0.080706,8950.073652
1682881800000,0.080439,0.080439,0.080439,0.080439,6212.0
1682881860000,0.080478,0.080478,0.080478,0.080478,6215.0
1682881980000,0.080515,0.080515,0.080515,0.080515,4969.0
1682882100000,0.080425,0.080425,0.080425,0.080425,6541.0
1682882160000,0.080413,0.080413,0.080413,0.080413,6541.0
1682882340000,0.080227,0.080227,0.080227,0.080227,4986.641559
1682882400000,0.079862,0.079863,0.079863,0.079862,7984.66176204
1682882820000,0.079994,0.079994,0.079994,0.079994,6204.9097
1682882880000,0.079985,0.079985,0.079985,0.079985,4998.5794
1682883240000,0.079933,0.079933,0.079933,0.079933,3438.5679
1682883960000,0.079998,0.079998,0.079998,0.079998,6246.0
1682884860000,0.079983,0.079983,0.079983,0.079983,6541.0
1682884980000,0.079808,0.079741,0.079808,0.079741,19495.003
1682885100000,0.079615,0.079517,0.079615,0.079517,30166.648719
1682885220000,0.07964,0.07964,0.07964,0.07964,5024.388696
1682885580000,0.079449,0.079449,0.079449,0.079449,13787.183812
1682885760000,0.079373,0.079472,0.079472,0.079373,12042.544537
1682886000000,0.079553,0.079553,0.079553,0.079553,5000.0
1682886180000,0.079481,0.079481,0.079481,0.079481,6541.0
1682886300000,0.079555,0.079555,0.079555,0.079555,5013.0
1682886600000,0.079593,0.079593,0.079593,0.079593,6541.0
1682886900000,0.079626,0.079544,0.079626,0.079544,15334.0
1682887920000,0.079742,0.079742,0.079742,0.079742,51.21907673
1682889120000,0.080073,0.080073,0.080073,0.080073,49.65492617
1682890740000,0.079971,0.079971,0.079971,0.079971,45.60591335
1682890980000,0.079895,0.079895,0.079895,0.079895,6541.0
1682891580000,0.079943,0.079943,0.079943,0.079943,503.0
1682891700000,0.079944,0.079944,0.079944,0.079944,503.8627
1682893260000,0.080047,0.080047,0.080047,0.080047,30.94886257
1682894820000,0.080066,0.080065,0.080066,0.080065,15230.04934243
1682895420000,0.079943,0.079943,0.079943,0.079943,0.8627
1682896620000,0.079849,0.079849,0.079849,0.079849,6259.0
1682896800000,0.079825,0.079765,0.079825,0.079765,26860.1682
1682896860000,0.079713,0.079713,0.079713,0.079713,4367.59716658
1682897880000,0.080065,0.080065,0.080065,0.080065,47.401984
1682898180000,0.07999,0.07999,0.07999,0.07999,34.91711792
1682898660000,0.079799,0.079799,0.079799,0.079799,6267.0
1682899140000,0.079481,0.079481,0.079481,0.079481,6285.0
1682899200000,0.079382,0.079327,0.079383,0.079327,9483.33865281
1682899260000,0.079383,0.079383,0.079383,0.079383,25207.68955
1682899380000,0.079465,0.079465,0.079465,0.079465,6541.0
1682899440000,0.079595,0.079595,0.079595,0.079595,6541.0
1682899860000,0.079587,0.079587,0.079587,0.079587,5486.292469149999
1682899920000,0.079566,0.079566,0.079566,0.079566,2194.56537337
1682899980000,0.079566,0.079566,0.079566,0.079566,4389.66754059
1682900040000,0.079507,0.079497,0.079507,0.079497,3290.80707192
1682900160000,0.079577,0.079577,0.079577,0.079577,3289.99434721
1682900220000,0.079577,0.079567,0.079577,0.079559,7672.248764690001
1682900400000,0.079498,0.079498,0.079498,0.079498,8285.70835678
1682900880000,0.079604,0.079604,0.079604,0.079604,9541.0
1682901180000,0.079666,0.079666,0.079666,0.079666,6278.0
1682901780000,0.07981,0.07981,0.07981,0.07981,1112.4914
1682901960000,0.079799,0.079799,0.079799,0.079799,5504.45111851
1682902920000,0.079812,0.079812,0.079812,0.079812,6265.0
1682903460000,0.07991,0.07991,0.07991,0.07991,6253.0
1682904180000,0.079923,0.079927,0.079927,0.079923,6558.02314686
1682905140000,0.078679,0.07826,0.078679,0.078013,77449.16123874999
1682905200000,0.078375,0.078281,0.078375,0.078281,39166.500363
1682905260000,0.07823,0.078227,0.078233,0.078091,40504.32050591
1682905320000,0.078213,0.078213,0.078213,0.078213,2238.52057576
1682905560000,0.077987,0.078092,0.078092,0.077987,30741.921846
1682905620000,0.078191,0.078206,0.078206,0.078173,16736.71086521
1682905680000,0.078206,0.078206,0.078206,0.078206,5110.203447
1682905740000,0.078223,0.078223,0.078223,0.078223,5114.615651
1682905800000,0.078106,0.078106,0.078106,0.078106,5114.0
1682905860000,0.078092,0.07798,0.078092,0.07798,27471.578314
1682905920000,0.078084,0.078084,0.078084,0.078084,6691.878871
1682905980000,0.078243,0.078326,0.078326,0.078243,11648.555022
1682906100000,0.078309,0.078309,0.078309,0.078309,5103.719857
1682906220000,0.078313,0.078313,0.078313,0.078313,5108.665661
1682906400000,0.07834,0.078208,0.07834,0.078208,87145.69125332
1682906460000,0.078263,0.078367,0.078373,0.078263,19340.825219
1682906580000,0.078392,0.07838,0.078392,0.07838,8221.0
1682906640000,0.078405,0.078405,0.078405,0.078405,10541.0
1682906820000,0.078285,0.078271,0.078285,0.078271,8191.225936180001
1682906880000,0.078271,0.078271,0.078271,0.078271,107.179974
1682907000000,0.078355,0.07829,0.078355,0.07829,14646.492721
1682907300000,0.078405,0.078405,0.078405,0.078405,6541.0
1682907360000,0.078377,0.078377,0.078377,0.078377,6541.0
1682907600000,0.078461,0.078399,0.078461,0.078399,14015.0
1682908200000,0.078643,0.078643,0.078643,0.078643,6541.0
1682908320000,0.078787,0.078787,0.078787,0.078787,5079.0
1682908380000,0.078842,0.078842,0.078842,0.078842,5077.062099999999
1682908500000,0.078875,0.078851,0.078875,0.078851,16196.73828388
1682908560000,0.078838,0.078838,0.078838,0.078838,5072.0
1682908800000,0.078919,0.078919,0.078919,0.078919,5067.0
1682908860000,0.078799,0.078799,0.078799,0.078799,6541.0
1682909460000,0.07871,0.078706,0.07871,0.078706,40000.0
1682909640000,0.078732,0.078722,0.078732,0.078722,7764.22514175
1682910180000,0.078895,0.078895,0.078895,0.078895,5072.830112
1682910540000,0.078917,0.07891,0.078917,0.07891,18271.0478
1682911020000,0.078683,0.078683,0.078683,0.078683,5085.642013000001
1682911080000,0.078858,0.078858,0.078858,0.078858,5075.687458
1682911200000,0.078832,0.078828,0.078832,0.078828,9509.871345
1682911500000,0.078727,0.078727,0.078727,0.078727,5079.432966
1682912340000,0.078589,0.078588,0.078589,0.078588,28656.5576
1682913420000,0.078465,0.078465,0.078465,0.078465,31.39637871
1682914980000,0.078561,0.078561,0.078561,0.078561,31.15489871
1682915100000,0.078543,0.078543,0.078543,0.078543,31.15489871
1682916000000,0.078701,0.078701,0.078701,0.078701,50.17549286
1682916300000,0.078641,0.078641,0.078641,0.078641,33.0725013
1682918580000,0.078805,0.078805,0.078805,0.078805,26.55109807
1682919000000,0.078647,0.078647,0.078647,0.078647,3323.46624503
1682919720000,0.078551,0.078551,0.078551,0.078551,25481.96768
1682919840000,0.078684,0.078684,0.078684,0.078684,9541.0
1682919900000,0.07867,0.07867,0.07867,0.07867,5082.478975
1682920140000,0.078821,0.078821,0.078821,0.078821,5073.763318
1682920500000,0.078874,0.078873,0.078874,0.078873,6239.630411
1682921100000,0.078896,0.078896,0.078896,0.078896,3106.84653428
1682922720000,0.079037,0.079037,0.079037,0.079037,34.45953514
1682923080000,0.078964,0.078964,0.078964,0.078964,27.9071658
1682923800000,0.078996,0.078986,0.078996,0.078986,15459.14134324
1682923860000,0.078996,0.078987,0.078996,0.078987,5508.75623215
1682924100000,0.078976,0.078966,0.078976,0.078966,9916.35233694
1682924160000,0.078994,0.078994,0.078994,0.078994,4425.70712187
1682924280000,0.078994,0.078994,0.078994,0.078994,635.7389426
1682924520000,0.079025,0.079025,0.079025,0.079025,1125.0
1682924640000,0.079025,0.079025,0.079025,0.079025,0.2185
1682924760000,0.07918,0.07918,0.07918,0.07918,5054.98068
1682924940000,0.079183,0.079183,0.079183,0.079183,5049.0
1682925120000,0.079178,0.079208,0.079208,0.079178,6597.30979742
1682926200000,0.079099,0.079031,0.079099,0.07903,28493.61007243
1682926260000,0.078938,0.078938,0.078938,0.078938,1322.13112022
1682927760000,0.078862,0.078862,0.078862,0.078862,2207.10085166
1682927880000,0.078855,0.078855,0.078855,0.078855,4416.11787336
1682928000000,0.078865,0.078864,0.078865,0.078864,4399.53899415
1682928060000,0.078867,0.078867,0.078867,0.078867,1000.0
1682928480000,0.078905,0.078905,0.078905,0.078905,6541.0
1682928900000,0.078874,0.078874,0.078874,0.078874,6541.0
1682929020000,0.078824,0.078803,0.078824,0.078803,14339.990441
1682930280000,0.07896,0.07896,0.07896,0.07896,51.41471658
1682930640000,0.078905,0.078906,0.078906,0.078905,66.00061239
1682934180000,0.078708,0.078681,0.078708,0.078674,9979.70540471
1682934480000,0.078667,0.078667,0.078667,0.078667,45.09076778
1682935560000,0.078877,0.078877,0.078877,0.078877,32.51060297
1682935980000,0.078889,0.078889,0.078889,0.078889,2000.0
1682936640000,0.078863,0.078863,0.078863,0.078855,9975.54797419
1682937480000,0.07879,0.07879,0.07879,0.07879,39.7104355
1682938380000,0.078798,0.07878,0.078798,0.07878,30000.0
1682939460000,0.078762,0.078762,0.078762,0.078762,1837.8398
1682940600000,0.078844,0.078844,0.078844,0.078844,6343.0
1682941200000,0.078877,0.078917,0.078917,0.078877,40000.0
1682941320000,0.078953,0.078953,0.078953,0.078953,2213.46817198
1682941380000,0.078969,0.078968,0.078969,0.078968,3320.1772442
1682942160000,0.078847,0.078847,0.078847,0.078847,564.0
1682942460000,0.078748,0.07876,0.07876,0.078748,11758.95300477
1682943360000,0.078885,0.078885,0.078885,0.078885,45.68705097
1682943720000,0.078876,0.078876,0.078876,0.078876,51.06775352
1682944560000,0.078926,0.078926,0.078926,0.078926,1079.0
1682944620000,0.078977,0.078977,0.078977,0.078977,3321.48308122
1682944800000,0.079028,0.079028,0.079028,0.079028,6541.0
1682945820000,0.078947,0.078947,0.078947,0.078947,40.0171864
1682947860000,0.078986,0.078986,0.078986,0.078986,5067.0
1682948160000,0.078783,0.078783,0.078783,0.078783,3000.0
1682949360000,0.078662,0.078662,0.078662,0.078662,5083.216708
1682949600000,0.078609,0.078448,0.078609,0.078448,31826.252274
1682949720000,0.078616,0.078633,0.078633,0.078616,11767.50448633
1682949900000,0.078679,0.078679,0.078679,0.078679,5087.79337
1682950200000,0.078767,0.078767,0.078767,0.078767,5080.6844790000005
1682950860000,0.078565,0.078565,0.078565,0.078565,6362.0
1682950920000,0.078489,0.078402,0.078489,0.078402,17839.433645
1682951160000,0.078579,0.078579,0.078579,0.078579,5092.0
1682951460000,0.078563,0.078563,0.078563,0.078563,6363.0
1682952540000,0.078648,0.078622,0.078648,0.078622,31198.8473
1682953680000,0.078469,0.078469,0.078469,0.078469,51.33197666
1682954040000,0.078449,0.078449,0.078449,0.078449,6372.99961157
1682954160000,0.078373,0.078294,0.078373,0.078294,7361.031
1682954220000,0.078334,0.078334,0.078334,0.078334,6390.0
1682954520000,0.078327,0.078243,0.078327,0.078243,12930.0
1682954640000,0.078294,0.078294,0.078294,0.078294,6385.0
1682954700000,0.078247,0.078247,0.078247,0.078247,6541.0
1682954820000,0.078266,0.078266,0.078266,0.078266,6387.0
1682954880000,0.078157,0.078157,0.078157,0.078157,6541.0
1682955060000,0.078244,0.078244,0.078244,0.078244,6396.0
1682956260000,0.078346,0.078346,0.078346,0.078346,37.67992752
1682956560000,0.078294,0.078294,0.078294,0.078294,33.63061972
1682957100000,0.078388,0.078388,0.078388,0.078388,6541.0
1682957460000,0.078136,0.078136,0.078136,0.078136,6541.0
1682957520000,0.078013,0.078013,0.078013,0.078013,6413.0
1682957640000,0.078015,0.078015,0.078015,0.078015,6409.0
1682957940000,0.078137,0.078137,0.078137,0.078137,5560.92313012
1682958000000,0.078193,0.078203,0.078203,0.078158,9648.22108467
1682958060000,0.078202,0.078202,0.078202,0.078202,6392.0
1682958180000,0.078124,0.078124,0.078124,0.078124,6541.0
1682958240000,0.078026,0.078026,0.078026,0.078026,15662.9168
1682958420000,0.078215,0.078215,0.078215,0.078215,15892.585694
1682958540000,0.078134,0.078134,0.078134,0.078134,5114.535646
1682958900000,0.078213,0.078213,0.078213,0.078213,6392.999586260001
1682959800000,0.078341,0.078341,0.078341,0.078341,28.9195744
1682960400000,0.078672,0.078672,0.078672,0.078672,5564.22732466
1682960580000,0.078747,0.078747,0.078747,0.078747,6350.0
1682960760000,0.078735,0.078735,0.078735,0.078735,7765.09880795
1682960880000,0.078652,0.078652,0.078652,0.078652,2222.77674459
1682961960000,0.078535,0.078535,0.078535,0.078535,3862.26760887
1682965080000,0.078405,0.078405,0.078405,0.078405,44.6328427
1682965980000,0.078383,0.078383,0.078383,0.078383,6541.0
1682966040000,0.078282,0.078282,0.078282,0.078282,5043.5606
1682967000000,0.07826,0.07826,0.07826,0.07826,6388.0
1682967180000,0.078266,0.078329,0.078329,0.078266,83139.29873905
1682967240000,0.078286,0.078286,0.078286,0.078286,19110.04699205
1682967840000,0.078088,0.078088,0.078088,0.078088,2156.0103
1682968320000,0.078039,0.078039,0.078039,0.078039,9541.0
1682968380000,0.077976,0.077976,0.077976,0.077976,6541.0
1682968440000,0.078009,0.078009,0.078009,0.078009,5124.0
1682968500000,0.078,0.077933,0.078,0.077933,5225.919395
1682968680000,0.077547,0.077547,0.077547,0.077547,6456.0
1682968740000,0.077453,0.077453,0.077453,0.077453,5160.0
1682968800000,0.077421,0.077421,0.077421,0.077421,5168.903272
1682968860000,0.077509,0.077509,0.077509,0.077509,5162.901777
1682968920000,0.077599,0.077599,0.077599,0.077599,5158.370892
1682968980000,0.077668,0.077765,0.077765,0.077668,11588.389029
1682969040000,0.077811,0.077795,0.077811,0.077795,27685.0
1682969220000,0.077856,0.077856,0.077856,0.077856,5143.465915
1682969280000,0.07805,0.07805,0.07805,0.07805,4923.3502
1682969340000,0.078045,0.078074,0.078079,0.078045,25125.0
1682969460000,0.077957,0.078011,0.078011,0.077957,16233.771751
1682969520000,0.078018,0.078018,0.078018,0.078018,17124.652401
1682969640000,0.077973,0.077889,0.077973,0.077889,45130.0
1682969700000,0.077911,0.077911,0.077911,0.077911,25656.270807
1682969820000,0.077782,0.077782,0.077782,0.077782,5140.824731
1682969940000,0.077767,0.077737,0.077767,0.077737,14572.812375
1682970060000,0.077752,0.077752,0.077752,0.077752,6541.0
1682970300000,0.077847,0.077847,0.077847,0.077847,5143.396094
1682970360000,0.077937,0.077961,0.077961,0.077937,35902.6284488
1682970420000,0.077921,0.077921,0.077921,0.077921,6416.0
1682970480000,0.077772,0.077787,0.077787,0.077762,44084.26438705
1682970600000,0.077761,0.077761,0.077761,0.077761,5146.188877
1682970720000,0.077734,0.077734,0.077734,0.077734,5143.0
1682970780000,0.077747,0.07776,0.07776,0.077747,27316.0
1682970960000,0.077711,0.077849,0.077849,0.077711,19098.228749
1682971080000,0.077866,0.077866,0.077866,0.077866,5139.872162
1682971140000,0.077832,0.077832,0.077832,0.077832,5137.7383347800005
1682971200000,0.077832,0.077826,0.077832,0.077826,26.0
1682971260000,0.077847,0.077847,0.077847,0.077847,5136.72430695
1682971500000,0.077984,0.077976,0.077984,0.077976,6735.28883887
1682971680000,0.078047,0.078077,0.078077,0.078047,7437.85351086
1682971800000,0.078093,0.078093,0.078093,0.078093,4484.16945028
1682971980000,0.078072,0.078072,0.078072,0.078072,2240.45851292
1682972280000,0.078101,0.078101,0.078101,0.078101,5118.0
1682972460000,0.077969,0.077969,0.077969,0.077969,5125.0
1682972760000,0.077977,0.078014,0.078014,0.077977,15125.559275
1682972820000,0.078103,0.078105,0.078105,0.078103,14658.122874
1682973000000,0.078087,0.078087,0.078087,0.078087,299.99992604
1682973360000,0.078173,0.078173,0.078173,0.078173,5118.134763
1682973960000,0.078121,0.078152,0.078152,0.078121,13440.44887368
1682974080000,0.078087,0.078087,0.078087,0.078087,7.396e-05
1682974200000,0.078031,0.078,0.078031,0.078,5222.349833
1682974500000,0.078051,0.078051,0.078051,0.078051,5121.0
1682974980000,0.078146,0.078146,0.078146,0.078146,6541.0
1682975820000,0.078241,0.078241,0.078241,0.078241,42.5715278
1682976420000,0.078354,0.078381,0.078381,0.078354,46277.91482028
1682976720000,0.078463,0.078521,0.078521,0.078463,13193.711624
1682976780000,0.078598,0.078708,0.078708,0.078598,11452.458571
1682976840000,0.078706,0.078706,0.078706,0.078706,6541.0
1682977140000,0.078598,0.078598,0.078598,0.078598,50.0
1682977320000,0.078538,0.078538,0.078538,0.078538,34.7306484
1682977440000,0.078581,0.078581,0.078581,0.078581,4241.3839
1682977620000,0.078637,0.078637,0.078637,0.078637,5085.010812
1682977740000,0.078483,0.078484,0.078484,0.078483,5574.48303366
1682977800000,0.078482,0.078471,0.078482,0.078471,7741.018059819999
1682977860000,0.078465,0.078525,0.078525,0.078465,14766.863269
1682978280000,0.078599,0.078599,0.078599,0.078599,5088.0
1682979300000,0.078721,0.078721,0.078721,0.078721,34.93930666
1682980260000,0.078633,0.078633,0.078633,0.078633,20000.0
1682981100000,0.078655,0.078655,0.078655,0.078655,2218.30476912
1682982000000,0.078575,0.078613,0.078613,0.078574,14419.46348078
1682982060000,0.078644,0.078647,0.078647,0.078644,6669.52491028
1682982120000,0.078754,0.078737,0.078754,0.078737,9978.27035035
1682984400000,0.078749,0.078749,0.078749,0.078749,13656.48117274
1682984700000,0.078765,0.07883,0.07883,0.078765,59359.78460198
1682985840000,0.078717,0.078717,0.078717,0.078717,31.48942685
1682986200000,0.078888,0.078888,0.078888,0.078888,40.11408518
1682987700000,0.078941,0.078941,0.078941,0.078941,6336.0
1682989020000,0.078807,0.078807,0.078807,0.078807,44.00691218
1682989620000,0.078792,0.078792,0.078792,0.078792,39.31457279
1682990760000,0.078669,0.078669,0.078669,0.078669,29.44510767
1682992020000,0.078655,0.078655,0.078655,0.078655,6541.0
1682992260000,0.078419,0.078392,0.078419,0.078392,31912.01186538
1682992380000,0.078394,0.078394,0.078394,0.078394,6541.0
1682992620000,0.078446,0.078446,0.078446,0.078446,9541.0
1682994000000,0.078636,0.078636,0.078636,0.078636,39.14961313
1682994300000,0.078587,0.078633,0.078633,0.078587,45325.33546772
1682994360000,0.078576,0.078576,0.078576,0.078576,34.49422173
1682994480000,0.078519,0.078506,0.078519,0.078506,35719.983
1682994660000,0.078392,0.078392,0.078392,0.078392,5509.47088851
1682994720000,0.078505,0.078496,0.078505,0.078496,4458.59929113
1682994780000,0.078518,0.078518,0.078518,0.078518,6541.0
1682994900000,0.078473,0.078454,0.078473,0.078454,9761.17638333
1682995260000,0.07851,0.078509,0.07851,0.078509,3340.89354091
1682997420000,0.07839,0.07839,0.07839,0.07839,31.07133464
1682997780000,0.078333,0.078333,0.078333,0.078333,37.91249862
1682998260000,0.078337,0.078336,0.078337,0.078336,5578.55974509
1682998380000,0.07842,0.078418,0.07842,0.078418,10032.32411377
1682998560000,0.078494,0.078585,0.078585,0.078494,15449.34181677
1682999100000,0.078525,0.078513,0.078526,0.078513,7795.82871365
1682999640000,0.078603,0.078603,0.078603,0.078603,163.62878485
1683000180000,0.078627,0.078626,0.078627,0.078626,5557.74793244
1683000300000,0.078673,0.078674,0.078674,0.078673,37814.87235214
1683000360000,0.078673,0.078653,0.078708,0.078653,6670.80113007
1683001440000,0.078559,0.078559,0.078559,0.078559,3000.0
1683001560000,0.078575,0.078575,0.078575,0.078575,3000.0
1683001680000,0.078505,0.078504,0.078505,0.078504,6000.0
1683001740000,0.078542,0.078503,0.078552,0.078468,31464.6177715
1683002520000,0.078527,0.078527,0.078527,0.078527,6371.0
1683002940000,0.078455,0.078427,0.078455,0.078427,17910.9885
1683003660000,0.078394,0.078394,0.078394,0.078394,9541.0
1683003720000,0.078485,0.078485,0.078485,0.078485,5098.299934
1683005040000,0.078637,0.078637,0.078637,0.078637,37.34571809
1683006900000,0.078545,0.078545,0.078545,0.078545,44.20905339
1683008700000,0.078441,0.078441,0.078441,0.078441,50.60917957
1683009120000,0.078424,0.078424,0.078424,0.078424,5510.49153665
1683010980000,0.07853,0.07853,0.07853,0.07853,37.28143968
1683012000000,0.078699,0.078699,0.078699,0.078699,51.95995817
1683012420000,0.078669,0.078729,0.078729,0.078669,23526.0
1683012720000,0.07859,0.07859,0.07859,0.07859,50.0
1683013920000,0.078493,0.078493,0.078493,0.078493,35.32435407
1683014220000,0.078547,0.078547,0.078547,0.078547,34.09006238
1683014460000,0.078516,0.078516,0.078516,0.078516,1000.0
1683014820000,0.078569,0.078568,0.078569,0.078568,46417.25301509
1683015720000,0.078715,0.078715,0.078715,0.078715,44.59789089
1683016740000,0.078548,0.078478,0.078548,0.078478,76.50737605
1683018540000,0.078401,0.078401,0.078401,0.078401,26.33062969
1683018900000,0.07836,0.07836,0.07836,0.07836,6540.9614
1683019320000,0.078301,0.078232,0.078301,0.078232,9089.64464406
1683019440000,0.07817,0.07817,0.07817,0.07817,17674.495897
1683020340000,0.078197,0.078176,0.078197,0.078176,24529.7143
1683020520000,0.07826,0.078279,0.078279,0.07826,40000.0
1683020640000,0.078246,0.078228,0.078246,0.078228,37200.04495457
1683021060000,0.078211,0.078211,0.078211,0.078211,100.0
1683022020000,0.07827,0.078301,0.078301,0.07827,42556.94229439
1683023220000,0.07815,0.07815,0.07815,0.07815,26.23989616
1683023520000,0.078174,0.078174,0.078174,0.078174,49.93764691
1683023820000,0.078229,0.078229,0.078229,0.078229,5113.458215
1683023880000,0.078242,0.078242,0.078242,0.078242,182.0
1683026040000,0.078341,0.078341,0.078341,0.078341,34.74403556
1683028140000,0.078254,0.078254,0.078254,0.078254,49.17541207
1683030060000,0.078196,0.078196,0.078196,0.078196,31.9490078
1683030420000,0.078139,0.078139,0.078139,0.078139,45.82455165
1683031080000,0.078354,0.078354,0.078354,0.078354,100.0
1683031260000,0.078419,0.078419,0.078419,0.078419,5104.248269
1683031320000,0.078431,0.078431,0.078431,0.078431,13460.652262
1683031740000,0.078364,0.078364,0.078364,0.078364,6382.0
1683032700000,0.078372,0.078344,0.078372,0.078344,5571.76640255
1683033660000,0.078215,0.078215,0.078215,0.078215,33.69244147
1683034560000,0.078223,0.078223,0.078223,0.078223,6541.0
1683034620000,0.077951,0.077951,0.077951,0.077951,14195.0
1683034740000,0.077902,0.077902,0.077902,0.077902,9541.0
1683035820000,0.078066,0.078066,0.078066,0.078066,28.12592793
1683036000000,0.078037,0.078037,0.078037,0.078037,6541.0
1683036120000,0.077975,0.077975,0.077975,0.077975,9541.0
1683036240000,0.077886,0.077886,0.077886,0.077886,6541.0
1683036300000,0.077772,0.077688,0.077772,0.077688,14682.12612
1683036480000,0.077745,0.077745,0.077745,0.077745,5147.904096
1683036540000,0.077783,0.077783,0.077783,0.077783,5143.318615
1683036720000,0.077807,0.077807,0.077807,0.077807,5142.783774
1683037020000,0.078098,0.078098,0.078098,0.078098,6541.0
1683037080000,0.078166,0.078237,0.078237,0.078166,24877.494619
1683037260000,0.078219,0.078219,0.078219,0.078219,5570.0
1683037320000,0.078179,0.078179,0.078179,0.078179,6396.0
1683037380000,0.078172,0.078172,0.078172,0.078172,10844.0
1683037440000,0.078227,0.078227,0.078227,0.078227,6395.0
1683037740000,0.078645,0.078645,0.078645,0.078645,6541.0
1683037800000,0.078684,0.078684,0.078684,0.078684,25410.843876
1683037860000,0.078636,0.078733,0.078856,0.078636,34128.840532610004
1683038100000,0.078658,0.078658,0.078658,0.078658,5000.0
1683038160000,0.078675,0.078675,0.078675,0.078675,6363.0
1683038280000,0.078687,0.078687,0.078687,0.078687,6360.0
1683038400000,0.078748,0.078748,0.078748,0.078748,6353.0
1683038640000,0.078779,0.078749,0.078779,0.078749,41398.91865309
1683038700000,0.078683,0.078683,0.078683,0.078683,5000.0
1683038760000,0.078577,0.078529,0.078577,0.078529,12728.0
1683039120000,0.078611,0.078611,0.078611,0.078611,6358.0
1683039240000,0.078314,0.078314,0.078314,0.078314,11391.0
1683039300000,0.078426,0.078426,0.078426,0.078426,6382.0
1683039480000,0.07836,0.07836,0.07836,0.07836,5106.0
1683039600000,0.078368,0.078368,0.078368,0.078368,6379.0
1683039720000,0.078222,0.078222,0.078222,0.078222,6540.7041
1683039780000,0.078187,0.078187,0.078187,0.078187,11869.537345
1683040020000,0.078289,0.078211,0.078289,0.078211,12777.0
1683040860000,0.078556,0.078556,0.078556,0.078556,5090.398517
1683040980000,0.078477,0.078477,0.078477,0.078477,6374.0
1683041460000,0.078507,0.078507,0.078507,0.078507,6541.0
1683041580000,0.078383,0.078383,0.078383,0.078383,6377.0
1683041700000,0.078425,0.078425,0.078425,0.078425,6378.0
1683041820000,0.078506,0.078506,0.078506,0.078506,6373.0
1683041880000,0.07859,0.07859,0.07859,0.07859,600.0
1683041940000,0.078627,0.078627,0.078627,0.078627,6361.0
1683042000000,0.078694,0.078696,0.078696,0.078694,13082.0
1683042180000,0.078847,0.078767,0.078847,0.078767,22215.916142
1683042240000,0.078837,0.078838,0.078838,0.078837,22448.0
1683042420000,0.078765,0.078765,0.078765,0.078765,6345.0
1683042480000,0.078735,0.078735,0.078735,0.078735,6541.0
1683042780000,0.078642,0.078642,0.078642,0.078642,12725.0
1683043620000,0.078705,0.078705,0.078705,0.078705,6598.0
1683043680000,0.078661,0.078661,0.078661,0.078661,9541.0
1683044340000,0.078575,0.078575,0.078575,0.078575,5093.797114999999
1683044820000,0.078625,0.078625,0.078625,0.078625,5087.0
1683045420000,0.078571,0.078571,0.078571,0.078571,6361.0
1683045480000,0.0785,0.0785,0.0785,0.0785,5093.0
1683046440000,0.078363,0.078345,0.078363,0.078345,36248.92939953
1683047220000,0.078482,0.078552,0.078552,0.078482,11465.309977
1683048300000,0.07845,0.078476,0.078476,0.07845,83779.90501912
1683048660000,0.078675,0.078675,0.078675,0.078675,6541.0
1683049500000,0.078738,0.078738,0.078738,0.078738,6541.0
1683050460000,0.078642,0.078642,0.078642,0.078642,6353.8759
1683051000000,0.078756,0.078725,0.078756,0.078725,14189.8961
1683051120000,0.078641,0.078641,0.078641,0.078641,2721.66012817
1683052560000,0.078738,0.078834,0.078834,0.078738,11622.8516
1683052680000,0.078879,0.078879,0.078879,0.078879,6541.0
1683053580000,0.078776,0.078776,0.078776,0.078776,6344.0
1683054540000,0.078867,0.078867,0.078867,0.078867,6541.0
1683054600000,0.078901,0.078901,0.078901,0.078901,9541.0
1683054720000,0.079042,0.079042,0.079042,0.079042,9541.0
1683055140000,0.078905,0.078905,0.078905,0.078905,559.12428711
1683055680000,0.078967,0.078967,0.078967,0.078967,100.0
1683056580000,0.078865,0.078865,0.078865,0.078865,44.75139115
1683058080000,0.078725,0.078725,0.078725,0.078725,31.86267823
1683058860000,0.078784,0.07879,0.07879,0.078784,8977.0
1683058920000,0.078791,0.078791,0.078791,0.078791,6349.0
1683060180000,0.07902,0.07902,0.07902,0.07902,35.40058254
1683061380000,0.078828,0.078828,0.078828,0.078828,26.38097924
1683061800000,0.078777,0.078777,0.078777,0.078777,39.86556351
1683063300000,0.078807,0.078807,0.078807,0.078807,2621.66012817
1683063540000,0.07885,0.078864,0.078864,0.078763,121661.14732564
1683064740000,0.078771,0.078771,0.078771,0.078771,27.38185624
1683064920000,0.078828,0.078828,0.078828,0.078828,6339.0
1683066540000,0.078932,0.078932,0.078932,0.078932,47.73299155
1683067620000,0.078804,0.078804,0.078804,0.078804,40.41772359
1683069540000,0.078749,0.078749,0.078749,0.078749,168.94331749
1683072600000,0.078687,0.078687,0.078687,0.078687,6350.0
1683073080000,0.078577,0.078577,0.078577,0.078577,6360.0
1683074280000,0.078523,0.078523,0.078523,0.078523,6364.0
1683075420000,0.078427,0.078427,0.078427,0.078427,9541.0
1683076500000,0.078513,0.078513,0.078513,0.078513,43.25640689
1683077640000,0.078611,0.078611,0.078611,0.078611,47.31087629
1683079500000,0.07831,0.07831,0.07831,0.07831,5737.0
1683079560000,0.078207,0.078207,0.078207,0.078207,15136.462421
1683079620000,0.078267,0.078267,0.078267,0.078267,6391.0
1683079740000,0.078233,0.078233,0.078233,0.078233,2237.65342942
1683079800000,0.078216,0.078216,0.078216,0.078216,2238.65458466
1683079860000,0.078219,0.078219,0.078219,0.078219,2238.18588428
1683080040000,0.078224,0.078224,0.078224,0.078224,2238.23286503
1683081000000,0.078318,0.078318,0.078318,0.078318,42.76949283
1683083040000,0.078233,0.078233,0.078233,0.078233,35.39769183
1683083280000,0.078115,0.078115,0.078115,0.078115,34.61601706
1683084360000,0.078261,0.078261,0.078261,0.078261,37.00679892
1683085080000,0.078174,0.078174,0.078174,0.078174,6391.99959822
1683085920000,0.078255,0.078255,0.078255,0.078255,34.68204336
1683086040000,0.078339,0.078453,0.078453,0.078304,72601.61814139
1683086220000,0.078366,0.078366,0.078366,0.078366,3000.0
1683087060000,0.078203,0.078202,0.078203,0.078202,4466.08611354
1683087960000,0.078262,0.078262,0.078262,0.078262,5584.51089007
1683089880000,0.078329,0.078329,0.078329,0.078329,45.66604916
1683091140000,0.078256,0.078256,0.078256,0.078256,31.55360962
1683091500000,0.078218,0.078244,0.078244,0.078218,41589.05941796
1683091560000,0.078298,0.078298,0.078298,0.078298,6388.0
1683092100000,0.078249,0.078249,0.078249,0.078249,86.84012731
1683094860000,0.078373,0.078373,0.078373,0.078373,47.87487128
1683095280000,0.078382,0.078382,0.078382,0.078382,34.62297176
1683095460000,0.078405,0.078405,0.078405,0.078405,2226.36228256
1683095520000,0.078435,0.07844,0.07844,0.078435,2692.51544909
1683095640000,0.078482,0.078471,0.078482,0.078471,7038.7209226800005
1683095940000,0.07842,0.078374,0.07842,0.078374,17533.38812563
1683096180000,0.078436,0.078436,0.078436,0.078436,100.0
1683096780000,0.078522,0.078522,0.078522,0.078522,6541.0
1683097500000,0.078448,0.078448,0.078448,0.078448,46.07348623
1683098520000,0.078416,0.078416,0.078416,0.078416,209.88997799
1683099600000,0.078325,0.078325,0.078325,0.078325,42.74204354
1683099660000,0.078263,0.078263,0.078263,0.078263,55.81155838
1683100860000,0.078211,0.078211,0.078211,0.078211,1000.0
1683102360000,0.078156,0.078156,0.078156,0.078156,5120.243022
1683102540000,0.078355,0.078355,0.078355,0.078355,6385.0
1683104100000,0.078461,0.078461,0.078461,0.078461,47.8726674
1683104640000,0.078289,0.078284,0.078289,0.078284,15127.0
1683105480000,0.078262,0.078262,0.078262,0.078262,100.0
1683106140000,0.07831,0.078328,0.078328,0.07831,34302.3984766
1683107220000,0.07824,0.07824,0.07824,0.07824,51.62175333
1683107280000,0.078233,0.078233,0.078233,0.078233,737.835
1683108120000,0.078162,0.078136,0.078162,0.078136,40000.0
1683108600000,0.078264,0.078264,0.078264,0.078264,149.649
1683109020000,0.078148,0.078108,0.078148,0.078108,80105.11852816
1683110940000,0.078187,0.078187,0.078187,0.078187,29.73699061
1683111360000,0.078155,0.078155,0.078155,0.078155,36.99325506
1683112380000,0.078148,0.078165,0.078165,0.078147,15455.24358542
1683112440000,0.078154,0.078153,0.078154,0.078153,10208.71193557
1683112500000,0.078153,0.078153,0.078153,0.078152,4930.59531844
1683112560000,0.078169,0.078161,0.078169,0.07816,10667.76088198
1683113280000,0.07825,0.078284,0.07829,0.07825,43650.39691099
1683113340000,0.078279,0.078281,0.078281,0.078279,6051.77717706
1683114180000,0.07811,0.07811,0.07811,0.07811,37.56265838
1683114300000,0.078086,0.078086,0.078086,0.078086,507.211289
1683114660000,0.078055,0.078055,0.078055,0.078055,4801.0051
1683114720000,0.07796,0.077871,0.07796,0.077871,22094.453483
1683114960000,0.077862,0.077858,0.077862,0.077858,10026.4934452
1683115020000,0.077819,0.077779,0.077819,0.077779,10239.96206014
1683115260000,0.077781,0.077789,0.077789,0.07775,16541.13057672
1683115320000,0.077747,0.077747,0.077747,0.077747,3351.29427895
1683115440000,0.077767,0.077767,0.077768,0.077767,12823.35678208
1683115560000,0.07773,0.077823,0.077823,0.07773,12868.0
1683115800000,0.077624,0.077624,0.077624,0.077624,6441.0
1683115920000,0.077563,0.077563,0.077563,0.077563,6445.0
1683116040000,0.077436,0.077434,0.077436,0.077434,16082.0
1683116100000,0.077447,0.077447,0.077447,0.077447,6451.0
1683116160000,0.0775,0.0775,0.0775,0.0775,6541.0
1683116460000,0.077653,0.077653,0.077653,0.077653,6541.0
1683116520000,0.077567,0.077567,0.077567,0.077567,6439.0
1683116580000,0.07751,0.07751,0.07751,0.07751,6541.0
1683116760000,0.077443,0.077443,0.077443,0.077443,5166.386071000001
1683117240000,0.077468,0.077444,0.077468,0.077444,22447.0
1683117300000,0.077367,0.077367,0.077367,0.077367,5806.0
1683117720000,0.077277,0.077202,0.077277,0.077202,23179.039136
1683117900000,0.077221,0.077221,0.077221,0.077221,4144.4664
1683118140000,0.077231,0.077231,0.077231,0.077231,5824.0
1683118380000,0.077164,0.077164,0.077164,0.077164,6541.0
1683119280000,0.077304,0.077304,0.077304,0.077304,5174.030118
1683119340000,0.077396,0.077396,0.077396,0.077396,5811.0
1683119940000,0.077599,0.077631,0.077643,0.077599,75664.80143189
1683120180000,0.07769,0.07773,0.07773,0.07769,10046.31532227
1683120300000,0.07772,0.07772,0.07772,0.07772,5142.6276
1683120600000,0.077697,0.077697,0.077697,0.077697,6541.0
1683120660000,0.077807,0.077844,0.077844,0.077807,15841.0
1683120720000,0.07789,0.077917,0.077917,0.07789,9414.0
1683120840000,0.077939,0.077938,0.077939,0.077938,2847.32502917
1683120900000,0.077911,0.077903,0.077911,0.077903,27217.0471
1683120960000,0.077878,0.077878,0.077878,0.077878,6541.0
1683121080000,0.077798,0.077798,0.077798,0.077798,6424.0
1683121920000,0.077757,0.077757,0.077757,0.077757,6427.0
1683121980000,0.077889,0.077893,0.077893,0.077889,25868.52777674
1683122460000,0.077732,0.077732,0.077732,0.077732,733.0057
1683122580000,0.077774,0.077774,0.077774,0.077774,6425.0
1683122700000,0.077753,0.077753,0.077753,0.077753,6541.0
1683123120000,0.077614,0.07755,0.077614,0.07755,5403.949232999999
1683123660000,0.077627,0.077627,0.077627,0.077627,6437.9857
1683123960000,0.077595,0.077595,0.077595,0.077595,32.33013164
1683124440000,0.077683,0.077683,0.077683,0.077683,1147.37082236
1683124620000,0.077555,0.077524,0.077555,0.077524,10138.36715527
1683125160000,0.077504,0.077504,0.077504,0.077504,6541.0
1683125700000,0.077516,0.077516,0.077516,0.077516,11573.677546
1683128100000,0.077526,0.077629,0.077629,0.077526,52891.0
1683128160000,0.07755,0.07755,0.07755,0.07755,643.24518939
1683129060000,0.077619,0.077619,0.077619,0.077619,29.62538267
1683129780000,0.077705,0.077696,0.077705,0.077696,5622.6607728300005
1683130020000,0.077723,0.077722,0.077723,0.077722,6748.92731562
1683130140000,0.077724,0.077724,0.077724,0.077724,1594.27778519
1683130200000,0.077723,0.077722,0.077723,0.077722,4497.17201474
1683130620000,0.07764,0.077639,0.07764,0.077639,5624.852933030001
1683130680000,0.077661,0.077661,0.077661,0.077661,6541.0
1683131040000,0.077859,0.077803,0.077859,0.077803,26575.6961614
1683131880000,0.077715,0.077715,0.077715,0.077715,39.54101279
1683132660000,0.077871,0.077871,0.077871,0.077871,49.4556678
1683134220000,0.077759,0.077759,0.077759,0.077759,31.51562325
1683134340000,0.077719,0.077719,0.077719,0.077719,103.2029
1683134640000,0.077682,0.077682,0.077682,0.077682,6441.0
1683134700000,0.077801,0.077801,0.077801,0.077801,25721.416158
1683134760000,0.078008,0.078008,0.078008,0.078008,9541.0
1683134820000,0.077956,0.077956,0.077956,0.077956,6541.0
1683135180000,0.077769,0.077769,0.077769,0.077769,6706.253239
1683135600000,0.077954,0.077954,0.077954,0.077954,4921.8532
1683135660000,0.078026,0.078138,0.078138,0.078026,38150.463847
1683135900000,0.078165,0.078099,0.078165,0.078099,11513.0
1683135960000,0.078099,0.078099,0.078099,0.078099,0.876806
1683136380000,0.078071,0.078071,0.078071,0.078071,6541.0
1683136500000,0.077995,0.077995,0.077995,0.077995,6408.0
1683136560000,0.077932,0.07789,0.077932,0.07789,16211.48298
1683136740000,0.077861,0.077861,0.077861,0.077861,6541.0
1683136800000,0.077953,0.078389,0.078389,0.077953,22522.899971
1683136860000,0.077948,0.077948,0.077948,0.077948,12845.0
1683136920000,0.077962,0.078212,0.078221,0.077962,39134.15437109
1683136980000,0.07812,0.07812,0.07812,0.07812,6385.0
1683137100000,0.07805,0.07805,0.07805,0.07805,6403.0
1683137160000,0.078013,0.078013,0.078013,0.078013,6414.0
1683137400000,0.07823,0.078121,0.07823,0.078121,19418.0
1683137520000,0.078167,0.078398,0.078398,0.078167,59590.41185056
1683137700000,0.078438,0.078438,0.078438,0.078438,9541.0
1683137760000,0.078507,0.078507,0.078507,0.078507,6367.0
1683137820000,0.078426,0.078426,0.078426,0.078426,6373.0
1683137880000,0.07842,0.07842,0.07842,0.07842,9540.8054
1683138000000,0.078479,0.07848,0.07848,0.078479,15910.0
1683138060000,0.078531,0.078531,0.078531,0.078531,6364.99870302
1683138120000,0.078526,0.078526,0.078526,0.078526,717.45691865
1683138360000,0.078435,0.078436,0.078436,0.078435,13082.0
1683138420000,0.078394,0.078394,0.078394,0.078394,90.0
1683138480000,0.078294,0.078168,0.078294,0.078149,49583.39215298
1683138600000,0.078181,0.078158,0.078181,0.078158,46288.0
1683138720000,0.078082,0.078082,0.078082,0.078082,10242.345323
1683138780000,0.07824,0.078256,0.078256,0.07824,36305.6940328
1683138960000,0.07795,0.077951,0.077951,0.07795,13240.317339
1683139020000,0.077739,0.077774,0.077774,0.077705,27428.41264606
1683139080000,0.077918,0.077918,0.077918,0.077918,25678.988766
1683139200000,0.078479,0.078479,0.078479,0.078479,9541.0
1683139260000,0.078531,0.078531,0.078531,0.078531,25444.878771
1683139320000,0.078319,0.078319,0.078319,0.078319,6382.0
1683139500000,0.078254,0.078387,0.078387,0.078254,21436.49153665
1683139560000,0.078301,0.07818,0.078301,0.07818,81018.93259316
1683139620000,0.078069,0.078094,0.078094,0.078069,26215.77637424
1683139680000,0.078123,0.078131,0.078146,0.078108,3368.91772857
1683139740000,0.078098,0.078098,0.078098,0.078098,639.56871386
1683139860000,0.078106,0.078106,0.078106,0.078106,640.41466974
1683140100000,0.07818,0.07818,0.07818,0.07818,6398.0
1683140160000,0.078216,0.078292,0.078292,0.078216,30869.504623
1683140220000,0.078216,0.078112,0.078216,0.078112,19141.7833
1683140280000,0.07816,0.07816,0.07816,0.07816,12104.136162
1683140520000,0.078241,0.078241,0.078241,0.078241,6541.0
1683140700000,0.078437,0.078437,0.078437,0.078437,6541.0
1683140760000,0.078433,0.078412,0.078433,0.078412,6401.49026853
1683140820000,0.078307,0.078307,0.078307,0.078307,18471.6365
1683141360000,0.077994,0.077994,0.077994,0.077994,6541.0
1683141540000,0.078198,0.078198,0.078198,0.078198,9541.0
1683141720000,0.078015,0.078015,0.078015,0.078015,3200.18882266
1683141780000,0.078077,0.078077,0.078077,0.078077,23862.507748
1683142080000,0.078101,0.078101,0.078101,0.078101,5118.0
1683142140000,0.078049,0.078049,0.078049,0.078049,6403.0
1683142260000,0.078146,0.078146,0.078146,0.078146,6541.0
1683142620000,0.077995,0.077995,0.077995,0.077995,6403.0
1683142920000,0.077886,0.077886,0.077886,0.077886,6411.0
1683142980000,0.077889,0.077889,0.077889,0.077889,12830.0
1683143400000,0.077912,0.077912,0.077912,0.077912,6541.0
1683143520000,0.077914,0.077914,0.077914,0.077914,5130.0
1683143580000,0.077814,0.077814,0.077814,0.077814,6419.0
1683144120000,0.077808,0.077808,0.077808,0.077808,2907.02832588
1683144240000,0.077903,0.077918,0.077918,0.077903,40000.0
1683145140000,0.078291,0.078291,0.078291,0.078291,39.14637756
1683145980000,0.078046,0.078031,0.078046,0.078031,6428.82151887
1683146220000,0.077821,0.077821,0.077821,0.077821,9541.0
1683146280000,0.077748,0.077748,0.077748,0.077748,6428.0
1683146340000,0.07776,0.07776,0.07776,0.07776,16027.787412
1683146700000,0.07792,0.077928,0.077928,0.07792,22006.70811299
1683146760000,0.077935,0.077935,0.077935,0.077935,6541.0
1683146940000,0.077974,0.077974,0.077974,0.077974,6411.0
1683147120000,0.078183,0.078183,0.078183,0.078183,38.228988
1683147180000,0.078155,0.078216,0.078216,0.078155,3407.14526663
1683147240000,0.078167,0.078167,0.078167,0.078167,4487.86977621
1683147300000,0.078207,0.078207,0.078207,0.078207,6541.0
1683148380000,0.078531,0.078531,0.078531,0.078531,46.07107097
1683148800000,0.078608,0.078673,0.078673,0.078608,6401.52870483
1683148860000,0.078793,0.078793,0.078793,0.078793,6343.0
1683148920000,0.078917,0.078917,0.078917,0.078917,20576.249841
1683149100000,0.078889,0.078987,0.078987,0.078889,15886.0
1683149280000,0.078836,0.078851,0.078851,0.078836,1904.10402181
1683149400000,0.078928,0.078928,0.078928,0.078928,6333.0
1683150000000,0.07908,0.079054,0.07908,0.079054,25403.0
1683150120000,0.079174,0.079174,0.079174,0.079174,6319.0
1683150720000,0.079269,0.079287,0.079287,0.079269,3149.57867673
1683150780000,0.079279,0.079279,0.079279,0.079273,3778.9987847
1683150840000,0.079284,0.079288,0.079288,0.079284,3407.55889645
1683150960000,0.079279,0.079279,0.079279,0.079279,629.02820241
1683151020000,0.079268,0.079202,0.079268,0.079202,6303.28651015
1683151260000,0.079286,0.07932,0.07932,0.079286,13865.80461082
1683151320000,0.079393,0.079518,0.079535,0.079393,17741.26196295
1683151380000,0.079559,0.079549,0.07956,0.079537,3943.24924245
1683151440000,0.079549,0.079564,0.079564,0.079549,1705.17804692
1683151500000,0.079541,0.079541,0.079541,0.079541,628.25482754
1683151560000,0.0796,0.079596,0.0796,0.079596,6279.04861463
1683151620000,0.079622,0.079623,0.079623,0.079622,1883.13640335
1683151740000,0.079721,0.079711,0.079721,0.079711,6896.37142356
1683151800000,0.0798,0.079811,0.079813,0.0798,10294.03268458
1683151860000,0.079807,0.07981,0.07981,0.079807,1861.39568954
1683152160000,0.079887,0.079887,0.079887,0.079887,6259.0
1683152280000,0.079999,0.079992,0.079999,0.079992,17329.58089849
1683152340000,0.080019,0.080019,0.080019,0.080019,5002.210186
1683152460000,0.080166,0.080166,0.080166,0.080166,6238.0
1683153000000,0.080145,0.080145,0.080145,0.080145,6237.0
1683153120000,0.080104,0.080104,0.080104,0.080104,6240.0
1683153540000,0.080285,0.080284,0.080285,0.080284,9541.0
1683153900000,0.080075,0.080075,0.080075,0.080075,6242.0
1683153960000,0.080179,0.080179,0.080179,0.080179,6234.0
1683154140000,0.080166,0.080166,0.080166,0.080166,3116.34760889
1683154200000,0.080166,0.080248,0.080248,0.080166,9351.0
1683154260000,0.080271,0.080271,0.080271,0.080271,6229.0
1683154380000,0.080418,0.080418,0.080418,0.080418,12432.0
1683154500000,0.080464,0.080534,0.080534,0.080464,12416.0
1683154560000,0.080609,0.080617,0.080617,0.080594,13902.537937800002
1683154620000,0.080503,0.080491,0.080503,0.080491,31082.0
1683154800000,0.080394,0.080394,0.080394,0.080394,6223.0
1683155040000,0.080123,0.080123,0.080123,0.080123,6239.0
1683155400000,0.080157,0.080157,0.080157,0.080157,6236.0
1683155460000,0.080207,0.080207,0.080207,0.080207,6235.0
1683156660000,0.07985,0.07985,0.07985,0.07985,29.83917923
1683157500000,0.079722,0.079722,0.079722,0.079722,18493.6161676
1683157560000,0.07969,0.07969,0.07969,0.07969,1108.247928
1683157740000,0.079683,0.079683,0.079683,0.079683,1293.519543
1683159060000,0.079448,0.079448,0.079448,0.079448,6541.0
1683159120000,0.079519,0.079519,0.079519,0.079519,6286.0
1683159600000,0.079571,0.079571,0.079571,0.079571,6282.0
1683160740000,0.07948,0.07948,0.07948,0.07948,6541.0
1683161700000,0.079674,0.079674,0.079674,0.079674,35.57892101
1683161940000,0.079626,0.079626,0.079626,0.079626,51.1940739
1683162840000,0.079707,0.079707,0.079707,0.079707,37.95125725
1683163620000,0.079528,0.079528,0.079528,0.079528,45.11937554
1683165000000,0.079468,0.079427,0.079468,0.079427,17483.16819652
1683165180000,0.079399,0.079399,0.079399,0.079399,6295.0
1683165420000,0.079489,0.079489,0.079489,0.079489,5470.55550282
1683165600000,0.079623,0.079623,0.079623,0.079623,4365.94218075
1683165840000,0.079684,0.079684,0.079684,0.079684,932.91069
1683166920000,0.079356,0.079356,0.079356,0.079356,29.17709977
1683167820000,0.079363,0.079363,0.079363,0.079363,6541.0
1683169140000,0.079333,0.079333,0.079333,0.079333,22486.795703
1683169200000,0.079437,0.079437,0.079437,0.079437,6796.0
1683169500000,0.079453,0.079453,0.079453,0.079453,369.0477648
1683170100000,0.07941,0.07941,0.07941,0.07941,12591.0
1683170940000,0.079302,0.079302,0.079302,0.079302,48.03956877
1683171660000,0.079174,0.079174,0.079174,0.079174,12629.0
1683172200000,0.079278,0.079278,0.079278,0.079278,9309.0
1683172380000,0.079394,0.079394,0.079394,0.079394,6300.0
1683175860000,0.079328,0.079328,0.079328,0.079328,26.64027218
1683176040000,0.079325,0.079325,0.079325,0.079325,5490.73371874
1683176280000,0.079325,0.079317,0.079325,0.079317,4392.07054412
1683176460000,0.079334,0.079299,0.079334,0.079299,9884.93406888
1683177540000,0.079376,0.079376,0.079376,0.079376,42.52408485
1683177720000,0.079357,0.079357,0.079357,0.079357,1309.884254
1683177840000,0.079336,0.079323,0.079336,0.079323,6590.98414631
1683177900000,0.079337,0.079337,0.079337,0.079337,39.72122038
1683178500000,0.079462,0.079477,0.079477,0.079462,763.3038
1683179280000,0.0794,0.0794,0.0794,0.0794,139.0047
1683179340000,0.079437,0.079437,0.079437,0.079437,6244.9802
1683179460000,0.079522,0.079526,0.079526,0.079522,19975.30687912
1683179880000,0.079413,0.079397,0.079413,0.079397,40000.0
1683180000000,0.079478,0.079478,0.079478,0.079478,6541.0
1683181140000,0.079383,0.079383,0.079383,0.079383,44.29981549
1683181560000,0.079275,0.079275,0.079275,0.079275,33.04257154
1683181740000,0.079332,0.079332,0.079332,0.079332,176.586143
1683182400000,0.079324,0.079321,0.079324,0.079321,15602.0
1683182520000,0.07932,0.07932,0.07932,0.07932,176.657557
1683182880000,0.07932,0.07932,0.07932,0.07932,34221.342443
1683183720000,0.079452,0.079452,0.079452,0.079452,352.950832
1683184260000,0.079386,0.079349,0.079386,0.079349,6470.437903
1683184860000,0.079302,0.079302,0.079302,0.079302,40.0
1683185580000,0.079194,0.079194,0.079194,0.079194,39.074364
1683185760000,0.079258,0.079258,0.079258,0.079258,423.914407
1683186000000,0.079331,0.079348,0.079348,0.079331,39341.38853797
1683187260000,0.079269,0.079269,0.079269,0.079269,1000.0
1683188040000,0.079147,0.079147,0.079147,0.079147,33.13248963
1683188400000,0.079284,0.079284,0.079284,0.079284,51.66250406
1683188880000,0.079304,0.079304,0.079304,0.079304,100.0
1683189420000,0.079235,0.079235,0.079235,0.079235,20000.0
1683189540000,0.079121,0.079121,0.079121,0.079121,6312.0
1683190800000,0.079249,0.079249,0.079249,0.079249,32.15040169
1683191940000,0.079018,0.079018,0.079018,0.079018,4763.2546
1683192900000,0.079113,0.079113,0.079113,0.079113,50.79441232
1683193560000,0.079123,0.079111,0.079123,0.079111,28494.0
1683195180000,0.079044,0.079035,0.079044,0.079035,11278.0828
1683196140000,0.079274,0.079274,0.079274,0.079274,38.06354966
1683196500000,0.079338,0.079407,0.079407,0.079338,10930.08274459
1683196560000,0.079528,0.079528,0.079528,0.079528,1000.0
1683196620000,0.079559,0.079559,0.079559,0.079559,500.0
1683196800000,0.079373,0.079373,0.079373,0.079373,6541.0
1683196860000,0.079348,0.079348,0.079348,0.079348,6541.0
1683196920000,0.079374,0.079374,0.079374,0.079374,1618.0
1683197460000,0.079274,0.079274,0.079274,0.079274,99.99995575
1683197940000,0.079359,0.079359,0.079359,0.079359,4.425e-05
1683199320000,0.079178,0.079178,0.079178,0.079178,28.93829314
1683200460000,0.079131,0.079131,0.079131,0.079131,29.99997197
1683201060000,0.079131,0.07912,0.079131,0.07912,6318.00002803
1683202080000,0.078969,0.078969,0.078969,0.078969,44.44500468
1683202200000,0.078931,0.078931,0.078931,0.078931,28.66408329
1683203340000,0.078961,0.078952,0.078961,0.078952,9900.77015056
1683203400000,0.079022,0.079022,0.079022,0.079022,9541.0
1683203460000,0.079016,0.079016,0.079016,0.079016,15000.0
1683203520000,0.078933,0.078933,0.078933,0.078933,5507.57250869
1683203700000,0.078871,0.078871,0.078871,0.078871,5067.211434
1683204060000,0.0788,0.0788,0.0788,0.0788,6342.0
1683205740000,0.078823,0.078822,0.078823,0.078822,3281.5449
1683206220000,0.078797,0.078855,0.078855,0.078797,40441.47600282
1683206280000,0.078748,0.078748,0.078748,0.078748,6541.0
1683206340000,0.07864,0.07864,0.07864,0.07864,6540.999999999999
1683206760000,0.078577,0.078577,0.078577,0.078577,6360.0
1683207300000,0.078358,0.078358,0.078358,0.078358,6373.0
1683207540000,0.078254,0.078194,0.078254,0.078194,9257.0
1683207660000,0.078221,0.078221,0.078221,0.078221,6389.0
1683208440000,0.07819,0.07819,0.07819,0.07819,2898.1196
1683208500000,0.078163,0.078163,0.078163,0.078163,4837.0
1683208560000,0.078163,0.078163,0.078163,0.078163,0.5
1683209520000,0.078028,0.078028,0.078028,0.078028,28.1404952
1683209820000,0.077977,0.077977,0.077977,0.077977,38.99110536
1683209880000,0.078007,0.078007,0.078007,0.078007,6413.0
1683209940000,0.078139,0.078139,0.078139,0.078139,6401.0
1683210240000,0.078174,0.078174,0.078174,0.078174,6541.0
1683211080000,0.078239,0.078239,0.078239,0.078239,39.39087648
1683211200000,0.078279,0.078279,0.078279,0.078279,26.16275682
1683211440000,0.078173,0.078173,0.078173,0.078173,74.925979
1683211560000,0.078239,0.078239,0.078239,0.078239,5112.767963
1683211800000,0.078209,0.078209,0.078209,0.078209,368.18583703
1683212160000,0.078247,0.078247,0.078247,0.078247,6540.9997799600005
1683212280000,0.078156,0.078156,0.078157,0.078156,10061.25773215
1683212520000,0.078274,0.078274,0.078274,0.078274,6384.9991473400005
1683213000000,0.078417,0.078385,0.078417,0.078385,6687.53677056
1683213360000,0.078428,0.078428,0.078428,0.078428,6540.99913935
1683214440000,0.078256,0.078256,0.078256,0.078256,31.66373318
1683216120000,0.078135,0.078135,0.078135,0.078135,45.01875853
1683217380000,0.078367,0.078367,0.078367,0.078367,37.5688341
1683217800000,0.078417,0.078417,0.078417,0.078417,41.23603612
1683217920000,0.078401,0.078401,0.078401,0.078401,6375.0
1683219060000,0.078448,0.078431,0.078448,0.078431,10039.18538785
1683219120000,0.078352,0.078352,0.078352,0.078352,6378.998715559999
1683219780000,0.078427,0.078462,0.078462,0.078427,30213.56599688
1683220740000,0.078484,0.078465,0.078484,0.078465,13019.0
1683221160000,0.078402,0.078402,0.078402,0.078402,17528.013256
1683221220000,0.07832,0.07832,0.07832,0.07832,5386.007
1683221580000,0.078181,0.078178,0.078181,0.078178,30153.138865
1683222480000,0.078259,0.078259,0.078259,0.078259,6386.0
1683223440000,0.078281,0.079169,0.07927,0.078281,62781.30822371
1683223500000,0.078558,0.078558,0.078558,0.078558,5083.442321
1683223560000,0.078486,0.078511,0.078576,0.078486,29457.434574
1683223620000,0.078432,0.078432,0.078432,0.078432,7714.0
1683223680000,0.078448,0.078448,0.078448,0.078448,11235.573398
1683223800000,0.078432,0.078432,0.078432,0.078432,6541.0
1683223860000,0.078463,0.078463,0.078463,0.078463,9541.0
1683224220000,0.078296,0.078296,0.078296,0.078296,5100.758054
1683224400000,0.078313,0.078313,0.078313,0.078313,3000.0
1683224580000,0.078249,0.078249,0.078249,0.078249,6387.0
1683225300000,0.078513,0.078513,0.078513,0.078513,5094.0
1683225540000,0.078454,0.078454,0.078454,0.078454,5092.0
1683226920000,0.078571,0.078571,0.078571,0.078571,39.51297953
1683227700000,0.078433,0.078433,0.078433,0.078433,5093.0
1683228480000,0.078439,0.078439,0.078439,0.078439,5099.813007
1683229440000,0.078575,0.078575,0.078575,0.078575,37.58377901
1683230700000,0.078448,0.078448,0.078448,0.078448,29.33892679
1683231540000,0.078327,0.078327,0.078327,0.078327,40.22544822
1683232200000,0.078408,0.078408,0.078408,0.078408,6541.0
1683232260000,0.078358,0.078358,0.078358,0.078358,5104.436311
1683232800000,0.078447,0.078447,0.078447,0.078447,1268.685353
1683234480000,0.078333,0.078333,0.078333,0.078333,39.54084816
1683236580000,0.078251,0.078252,0.078252,0.078251,6083.7988000000005
1683237660000,0.078225,0.078225,0.078225,0.078225,5109.214423
1683239160000,0.078156,0.078156,0.078156,0.078156,30.36755616
1683241620000,0.078262,0.078262,0.078262,0.078262,32.74835525
1683241680000,0.078315,0.078405,0.078405,0.078315,13226.53761476
1683244920000,0.078411,0.078411,0.078411,0.078411,1273.01799102
1683248220000,0.078337,0.078337,0.078337,0.078337,38.02607994
1683248580000,0.078263,0.078263,0.078263,0.078263,44.92016777
1683249660000,0.078233,0.078233,0.078233,0.078233,1271.222766
1683250320000,0.078357,0.078357,0.078357,0.078357,5104.668782
1683250440000,0.078656,0.078656,0.078656,0.078656,6359.0
1683250500000,0.078646,0.078646,0.078646,0.078646,6355.0
1683250680000,0.07866,0.07866,0.07866,0.07866,6541.0
1683251100000,0.078981,0.078981,0.078981,0.078981,6541.0
1683251160000,0.07901,0.07901,0.07901,0.07901,6541.0
1683251280000,0.078974,0.078974,0.078974,0.078974,6328.0
1683251340000,0.078824,0.078814,0.078824,0.078814,37332.87070792
1683251760000,0.078877,0.078877,0.078877,0.078877,6541.0
1683252060000,0.078944,0.079104,0.079104,0.078938,66927.29814391
1683252180000,0.079145,0.079145,0.079145,0.079145,6541.0
1683252420000,0.079031,0.079031,0.079031,0.079031,6541.0
1683252480000,0.078961,0.078961,0.078961,0.078961,9541.0
1683252780000,0.078863,0.07876,0.078863,0.07876,19861.571837
1683252960000,0.078694,0.078605,0.078694,0.078605,5198.05953689
1683253260000,0.078773,0.078773,0.078773,0.078773,764.70133272
1683253320000,0.078854,0.07887,0.07887,0.078854,5711.19905346
1683253380000,0.078873,0.078837,0.078873,0.078831,13785.09992409
1683253440000,0.078844,0.078856,0.078856,0.078844,2334.31053562
1683253500000,0.078872,0.078841,0.078872,0.078841,5701.14714627
1683253560000,0.078871,0.078871,0.078871,0.078871,309.25722232
1683253740000,0.078872,0.078867,0.078872,0.078867,10977.0
1683254100000,0.078948,0.078948,0.078948,0.078948,11918.65426573
1683254460000,0.078923,0.078919,0.078923,0.078919,6315.72491339
1683254520000,0.078953,0.078953,0.078953,0.078953,4425.93205336
1683254640000,0.078943,0.078928,0.078943,0.078928,9959.71669556
1683255420000,0.078833,0.078833,0.078833,0.078833,300.0
1683255480000,0.078816,0.078816,0.078816,0.078816,1269.95319723
1683255540000,0.0788,0.078793,0.078801,0.078793,2539.90253219
1683255600000,0.078827,0.078827,0.078827,0.078827,3325.2083356
1683257100000,0.078758,0.078758,0.078758,0.078758,31.07242331
1683258360000,0.078687,0.078687,0.078687,0.078687,42.5043165
1683258480000,0.078613,0.078613,0.078613,0.078613,5083.82921585
1683259740000,0.07867,0.07867,0.07867,0.07867,38.90949368
1683260580000,0.078818,0.078818,0.078818,0.078818,41.24817993
1683260760000,0.07875,0.07875,0.07875,0.07875,29.388189
1683263820000,0.078594,0.078594,0.078594,0.078594,26.81048076
1683265440000,0.078704,0.078704,0.078704,0.078704,39.91893592
1683265500000,0.078751,0.078751,0.078751,0.078751,35.8349258
1683268860000,0.078821,0.078821,0.078821,0.078821,44.74426718
1683270060000,0.078736,0.078811,0.078811,0.078736,29207.973724
1683270480000,0.078787,0.078787,0.078787,0.078787,5070.0
1683271260000,0.078522,0.078521,0.078522,0.078521,7455.0
1683272220000,0.078761,0.078761,0.078761,0.078761,36.78365391
1683272640000,0.078808,0.078808,0.078808,0.078808,38.98784803
1683273480000,0.078704,0.078704,0.078704,0.078704,51.57992865
1683273600000,0.078704,0.078704,0.078704,0.078704,38.67446728
1683273660000,0.078704,0.078656,0.078704,0.078656,1000.0
1683274320000,0.078656,0.078656,0.078656,0.078656,770.0
1683276420000,0.078538,0.078538,0.078538,0.078538,5089.0
1683278520000,0.078631,0.078631,0.078631,0.078631,30.48170029
1683280380000,0.078533,0.078533,0.078533,0.078533,497.0
1683282360000,0.078649,0.078649,0.078649,0.078649,46.550017
1683285120000,0.078682,0.078682,0.078682,0.078682,6357.0
1683286140000,0.078573,0.078573,0.078573,0.078573,47.77615884
1683287520000,0.078521,0.078523,0.078523,0.078521,1000.0
1683287640000,0.078602,0.078611,0.078611,0.078602,5157.057804
1683289740000,0.078574,0.078574,0.078574,0.078574,5090.214321
1683289800000,0.077998,0.07779,0.077998,0.077269,359765.9110287
1683289860000,0.077649,0.077908,0.077908,0.077649,99776.0
1683289920000,0.077731,0.077624,0.077731,0.077624,32373.798121
1683290040000,0.077772,0.077772,0.077772,0.077772,65.6167979
1683290100000,0.077848,0.077848,0.077848,0.077848,35.11484963
1683290280000,0.077893,0.077893,0.077893,0.077893,5132.0
1683290340000,0.077904,0.077904,0.077904,0.077904,5127.0
1683290400000,0.077911,0.077842,0.077911,0.077842,21999.0
1683290460000,0.077862,0.077862,0.077862,0.077862,5130.0
1683290580000,0.077907,0.077907,0.077907,0.077907,6419.0
1683290880000,0.078153,0.078153,0.078153,0.078153,17248.0
1683290940000,0.078153,0.078209,0.078209,0.078153,445.94575029
1683291060000,0.078133,0.078133,0.078133,0.078133,6397.0
1683291420000,0.077949,0.077949,0.077949,0.077949,5125.581963
1683291480000,0.077919,0.077919,0.077919,0.077919,5126.0
1683291660000,0.077877,0.077877,0.077877,0.077877,5130.0
1683291840000,0.077842,0.077842,0.077842,0.077842,9541.0
1683291900000,0.07801,0.078025,0.078025,0.077989,33328.05561114
1683291960000,0.078046,0.077998,0.078047,0.077998,12122.0
1683292380000,0.0782,0.0782,0.0782,0.0782,3000.0
1683292560000,0.078158,0.078158,0.078158,0.078158,5112.0
1683292740000,0.078189,0.078189,0.078189,0.078189,5113.0
1683292800000,0.078196,0.078185,0.078196,0.078179,18323.977699
1683293040000,0.07813,0.07813,0.07813,0.07813,5113.0
1683293400000,0.078246,0.078246,0.078246,0.078246,5110.272392
1683293700000,0.078203,0.078194,0.078203,0.078194,12390.0
1683294000000,0.078245,0.078245,0.078245,0.078245,112.4856
1683294120000,0.078459,0.078459,0.078459,0.078459,6541.0
1683294180000,0.078525,0.078525,0.078525,0.078525,5092.82275
1683294300000,0.078549,0.078549,0.078549,0.078549,5089.0
1683294720000,0.078574,0.078571,0.078574,0.078571,6000.0
1683294840000,0.078515,0.078486,0.078515,0.078486,29418.8425
1683295680000,0.078636,0.078636,0.078636,0.078636,44.88331453
1683295800000,0.078501,0.078501,0.078501,0.078501,4449.1115941
1683295920000,0.078472,0.078472,0.078472,0.078472,4449.2802294
1683295980000,0.078504,0.078565,0.078565,0.078504,10128.05272401
1683296040000,0.078585,0.078586,0.078586,0.078585,5220.31799367
1683296100000,0.078588,0.078588,0.078588,0.078588,4442.17878315
1683296580000,0.078648,0.078648,0.078648,0.078648,5081.35919571
1683296640000,0.078617,0.078617,0.078617,0.078617,2221.45429866
1683296940000,0.078627,0.078627,0.078627,0.078627,2221.69931806
1683297000000,0.078657,0.078656,0.078657,0.078656,4442.9842928
1683297060000,0.078742,0.078742,0.078742,0.078742,6633.861799
1683297120000,0.078787,0.078787,0.078787,0.078787,6343.0
1683297240000,0.078767,0.078858,0.078858,0.078767,10782.0
1683297480000,0.078963,0.078963,0.078963,0.078963,5063.889727
1683297720000,0.07892,0.0789,0.07892,0.0789,24056.156829
1683298680000,0.078779,0.078779,0.078779,0.078779,44.29911523
1683298860000,0.078805,0.078805,0.078805,0.078805,6541.0
1683298980000,0.078754,0.078798,0.078798,0.078754,6589.99944517
1683299340000,0.078445,0.078328,0.078445,0.078328,3071.4425
1683299460000,0.078383,0.078383,0.078383,0.078383,5102.311937
1683300360000,0.078523,0.078523,0.078523,0.078523,5093.0
